mi.mitnumber,mi.modification,mi.number,valid_date,result_docnum,result_text,mi.mitype,mi.mititle,verification_year,org_title,applicability,vri_id,verification_date,_version_
76645-19,Нет модификации,0055220034,2024-11-29T00:00:00Z,С-В/30-11-2023/301567217,Пригодно,ДВН-02,Датчики направления ветра,2023,"ФГУП ""ВНИИМ ИМ. Д.И.МЕНДЕЛЕЕВА""",True,1-301567217,2023-11-30T00:00:00Z,1785189953739685888
76645-19,Нет модификации,0055220039,2024-11-29T00:00:00Z,С-В/30-11-2023/301567218,Пригодно,ДВН-02,Датчики направления ветра,2023,"ФГУП ""ВНИИМ ИМ. Д.И.МЕНДЕЛЕЕВА""",True,1-301567218,2023-11-30T00:00:00Z,1785189953750171648
76645-19,Нет модификации,0055230011,2024-11-29T00:00:00Z,С-В/30-11-2023/301567224,Пригодно,ДВН-02,Датчики направления ветра,2023,"ФГУП ""ВНИИМ ИМ. Д.И.МЕНДЕЛЕЕВА""",True,1-301567224,2023-11-30T00:00:00Z,1785189954144436224
76645-19,Нет модификации,0055230208,2024-11-28T00:00:00Z,С-ДФН/29-11-2023/300791337,Пригодно,ДВН-02,Датчики направления ветра,2023,"ООО ""СТАНДАРТ-12""",True,1-300791337,2023-11-29T00:00:00Z,1784990482057658368
76645-19,Нет модификации,0055230209,2024-11-28T00:00:00Z,С-ДФН/29-11-2023/300791336,Пригодно,ДВН-02,Датчики направления ветра,2023,"ООО ""СТАНДАРТ-12""",True,1-300791336,2023-11-29T00:00:00Z,1784990482064998400
76645-19,Нет модификации,0055230194,2024-11-28T00:00:00Z,С-ДФН/29-11-2023/300791351,Пригодно,ДВН-02,Датчики направления ветра,2023,"ООО ""СТАНДАРТ-12""",True,1-300791351,2023-11-29T00:00:00Z,1784990482862964736
76645-19,Нет модификации,0055230195,2024-11-28T00:00:00Z,С-ДФН/29-11-2023/300791350,Пригодно,ДВН-02,Датчики направления ветра,2023,"ООО ""СТАНДАРТ-12""",True,1-300791350,2023-11-29T00:00:00Z,1784990482870304768
76645-19,Нет модификации,0055230190,2024-11-28T00:00:00Z,С-ДФН/29-11-2023/300791355,Пригодно,ДВН-02,Датчики направления ветра,2023,"ООО ""СТАНДАРТ-12""",True,1-300791355,2023-11-29T00:00:00Z,1784990482904907776
76645-19,Нет модификации,0055230191,2024-11-28T00:00:00Z,С-ДФН/29-11-2023/300791354,Пригодно,ДВН-02,Датчики направления ветра,2023,"ООО ""СТАНДАРТ-12""",True,1-300791354,2023-11-29T00:00:00Z,1784990482912247808
76645-19,Нет модификации,0055230192,2024-11-28T00:00:00Z,С-ДФН/29-11-2023/300791353,Пригодно,ДВН-02,Датчики направления ветра,2023,"ООО ""СТАНДАРТ-12""",True,1-300791353,2023-11-29T00:00:00Z,1784990482918539264
76645-19,Нет модификации,0055230193,2024-11-28T00:00:00Z,С-ДФН/29-11-2023/300791352,Пригодно,ДВН-02,Датчики направления ветра,2023,"ООО ""СТАНДАРТ-12""",True,1-300791352,2023-11-29T00:00:00Z,1784990482925879296
76645-19,Нет модификации,0055230196,2024-11-28T00:00:00Z,С-ДФН/29-11-2023/300791349,Пригодно,ДВН-02,Датчики направления ветра,2023,"ООО ""СТАНДАРТ-12""",True,1-300791349,2023-11-29T00:00:00Z,1784990482946850816
76645-19,Нет модификации,0055230205,2024-11-28T00:00:00Z,С-ДФН/29-11-2023/300791340,Пригодно,ДВН-02,Датчики направления ветра,2023,"ООО ""СТАНДАРТ-12""",True,1-300791340,2023-11-29T00:00:00Z,1784990482970968064
76645-19,Нет модификации,0055230197,2024-11-28T00:00:00Z,С-ДФН/29-11-2023/300791348,Пригодно,ДВН-02,Датчики направления ветра,2023,"ООО ""СТАНДАРТ-12""",True,1-300791348,2023-11-29T00:00:00Z,1784990482984599552
76645-19,Нет модификации,0055230198,2024-11-28T00:00:00Z,С-ДФН/29-11-2023/300791347,Пригодно,ДВН-02,Датчики направления ветра,2023,"ООО ""СТАНДАРТ-12""",True,1-300791347,2023-11-29T00:00:00Z,1784990482988793856
76645-19,Нет модификации,0055230199,2024-11-28T00:00:00Z,С-ДФН/29-11-2023/300791346,Пригодно,ДВН-02,Датчики направления ветра,2023,"ООО ""СТАНДАРТ-12""",True,1-300791346,2023-11-29T00:00:00Z,1784990482991939584
76645-19,Нет модификации,0055230200,2024-11-28T00:00:00Z,С-ДФН/29-11-2023/300791345,Пригодно,ДВН-02,Датчики направления ветра,2023,"ООО ""СТАНДАРТ-12""",True,1-300791345,2023-11-29T00:00:00Z,1784990482995085312
76645-19,Нет модификации,0055230201,2024-11-28T00:00:00Z,С-ДФН/29-11-2023/300791344,Пригодно,ДВН-02,Датчики направления ветра,2023,"ООО ""СТАНДАРТ-12""",True,1-300791344,2023-11-29T00:00:00Z,1784990483001376768
76645-19,Нет модификации,0055230202,2024-11-28T00:00:00Z,С-ДФН/29-11-2023/300791343,Пригодно,ДВН-02,Датчики направления ветра,2023,"ООО ""СТАНДАРТ-12""",True,1-300791343,2023-11-29T00:00:00Z,1784990483008716800
76645-19,Нет модификации,0055230203,2024-11-28T00:00:00Z,С-ДФН/29-11-2023/300791342,Пригодно,ДВН-02,Датчики направления ветра,2023,"ООО ""СТАНДАРТ-12""",True,1-300791342,2023-11-29T00:00:00Z,1784990483016056832
76645-19,Нет модификации,0055230204,2024-11-28T00:00:00Z,С-ДФН/29-11-2023/300791341,Пригодно,ДВН-02,Датчики направления ветра,2023,"ООО ""СТАНДАРТ-12""",True,1-300791341,2023-11-29T00:00:00Z,1784990483024445440
76645-19,Нет модификации,0055230206,2024-11-28T00:00:00Z,С-ДФН/29-11-2023/300791339,Пригодно,ДВН-02,Датчики направления ветра,2023,"ООО ""СТАНДАРТ-12""",True,1-300791339,2023-11-29T00:00:00Z,1784990483044368384
76645-19,Нет модификации,0055230207,2024-11-28T00:00:00Z,С-ДФН/29-11-2023/300791338,Пригодно,ДВН-02,Датчики направления ветра,2023,"ООО ""СТАНДАРТ-12""",True,1-300791338,2023-11-29T00:00:00Z,1784990483051708416
76645-19,Нет модификации,0097230008,2024-11-27T00:00:00Z,С-ДФН/28-11-2023/304835455,Пригодно,ДВН-02,Датчики направления ветра,2023,"ООО ""СТАНДАРТ-12""",True,1-304835455,2023-11-28T00:00:00Z,1786453456988405760
76645-19,Нет модификации,0055230004,2024-11-26T00:00:00Z,С-В/27-11-2023/301567279,Пригодно,ДВН-02,Датчики направления ветра,2023,"ФГУП ""ВНИИМ ИМ. Д.И.МЕНДЕЛЕЕВА""",True,1-301567279,2023-11-27T00:00:00Z,1785189953541505024
76645-19,Нет модификации,0055220172,2024-11-23T00:00:00Z,С-В/24-11-2023/301567296,Пригодно,ДВН-02,Датчики направления ветра,2023,"ФГУП ""ВНИИМ ИМ. Д.И.МЕНДЕЛЕЕВА""",True,1-301567296,2023-11-24T00:00:00Z,1785189954387705856
76645-19,Нет модификации,0055220171,2024-11-23T00:00:00Z,С-В/24-11-2023/301567297,Пригодно,ДВН-02,Датчики направления ветра,2023,"ФГУП ""ВНИИМ ИМ. Д.И.МЕНДЕЛЕЕВА""",True,1-301567297,2023-11-24T00:00:00Z,1785189954392948736
76645-19,Нет модификации,0055230173,2024-11-22T00:00:00Z,С-ДФН/23-11-2023/300790799,Пригодно,ДВН-02,Датчики направления ветра,2023,"ООО ""СТАНДАРТ-12""",True,1-300790799,2023-11-23T00:00:00Z,1784990420727496704
76645-19,Нет модификации,0055230182,2024-11-22T00:00:00Z,С-ДФН/23-11-2023/300790790,Пригодно,ДВН-02,Датчики направления ветра,2023,"ООО ""СТАНДАРТ-12""",True,1-300790790,2023-11-23T00:00:00Z,1784990420749516800
76645-19,Нет модификации,0055230174,2024-11-22T00:00:00Z,С-ДФН/23-11-2023/300790798,Пригодно,ДВН-02,Датчики направления ветра,2023,"ООО ""СТАНДАРТ-12""",True,1-300790798,2023-11-23T00:00:00Z,1784990420800897024
76645-19,Нет модификации,0055230175,2024-11-22T00:00:00Z,С-ДФН/23-11-2023/300790797,Пригодно,ДВН-02,Датчики направления ветра,2023,"ООО ""СТАНДАРТ-12""",True,1-300790797,2023-11-23T00:00:00Z,1784990420805091328
76645-19,Нет модификации,0055230176,2024-11-22T00:00:00Z,С-ДФН/23-11-2023/300790796,Пригодно,ДВН-02,Датчики направления ветра,2023,"ООО ""СТАНДАРТ-12""",True,1-300790796,2023-11-23T00:00:00Z,1784990420811382784
76645-19,Нет модификации,0055230177,2024-11-22T00:00:00Z,С-ДФН/23-11-2023/300790795,Пригодно,ДВН-02,Датчики направления ветра,2023,"ООО ""СТАНДАРТ-12""",True,1-300790795,2023-11-23T00:00:00Z,1784990420821868544
76645-19,Нет модификации,0055230178,2024-11-22T00:00:00Z,С-ДФН/23-11-2023/300790794,Пригодно,ДВН-02,Датчики направления ветра,2023,"ООО ""СТАНДАРТ-12""",True,1-300790794,2023-11-23T00:00:00Z,1784990420827111424
76645-19,Нет модификации,0055230179,2024-11-22T00:00:00Z,С-ДФН/23-11-2023/300790793,Пригодно,ДВН-02,Датчики направления ветра,2023,"ООО ""СТАНДАРТ-12""",True,1-300790793,2023-11-23T00:00:00Z,1784990420831305728
76645-19,Нет модификации,0055230180,2024-11-22T00:00:00Z,С-ДФН/23-11-2023/300790792,Пригодно,ДВН-02,Датчики направления ветра,2023,"ООО ""СТАНДАРТ-12""",True,1-300790792,2023-11-23T00:00:00Z,1784990420834451456
76645-19,Нет модификации,0055230181,2024-11-22T00:00:00Z,С-ДФН/23-11-2023/300790791,Пригодно,ДВН-02,Датчики направления ветра,2023,"ООО ""СТАНДАРТ-12""",True,1-300790791,2023-11-23T00:00:00Z,1784990420838645760
76645-19,Нет модификации,0055230183,2024-11-22T00:00:00Z,С-ДФН/23-11-2023/300790789,Пригодно,ДВН-02,Датчики направления ветра,2023,"ООО ""СТАНДАРТ-12""",True,1-300790789,2023-11-23T00:00:00Z,1784990420865908736
76645-19,Нет модификации,0055230184,2024-11-22T00:00:00Z,С-ДФН/23-11-2023/300790788,Пригодно,ДВН-02,Датчики направления ветра,2023,"ООО ""СТАНДАРТ-12""",True,1-300790788,2023-11-23T00:00:00Z,1784990420872200192
76645-19,Нет модификации,0055230185,2024-11-22T00:00:00Z,С-ДФН/23-11-2023/300790787,Пригодно,ДВН-02,Датчики направления ветра,2023,"ООО ""СТАНДАРТ-12""",True,1-300790787,2023-11-23T00:00:00Z,1784990420934066176
76645-19,Нет модификации,0055230186,2024-11-22T00:00:00Z,С-ДФН/23-11-2023/300790786,Пригодно,ДВН-02,Датчики направления ветра,2023,"ООО ""СТАНДАРТ-12""",True,1-300790786,2023-11-23T00:00:00Z,1784990420938260480
76645-19,Нет модификации,0055230187,2024-11-22T00:00:00Z,С-ДФН/23-11-2023/300790785,Пригодно,ДВН-02,Датчики направления ветра,2023,"ООО ""СТАНДАРТ-12""",True,1-300790785,2023-11-23T00:00:00Z,1784990420944551936
76645-19,Нет модификации,0055230188,2024-11-22T00:00:00Z,С-ДФН/23-11-2023/300790784,Пригодно,ДВН-02,Датчики направления ветра,2023,"ООО ""СТАНДАРТ-12""",True,1-300790784,2023-11-23T00:00:00Z,1784990420951891968
76645-19,Нет модификации,0055230189,2024-11-22T00:00:00Z,С-ДФН/23-11-2023/300790783,Пригодно,ДВН-02,Датчики направления ветра,2023,"ООО ""СТАНДАРТ-12""",True,1-300790783,2023-11-23T00:00:00Z,1784990420958183424
76645-19,Нет модификации,0055230170,2024-11-22T00:00:00Z,С-ДФН/23-11-2023/300790802,Пригодно,ДВН-02,Датчики направления ветра,2023,"ООО ""СТАНДАРТ-12""",True,1-300790802,2023-11-23T00:00:00Z,1784990422439821312
76645-19,Нет модификации,0055230171,2024-11-22T00:00:00Z,С-ДФН/23-11-2023/300790801,Пригодно,ДВН-02,Датчики направления ветра,2023,"ООО ""СТАНДАРТ-12""",True,1-300790801,2023-11-23T00:00:00Z,1784990422447161344
76645-19,Нет модификации,0055230172,2024-11-22T00:00:00Z,С-ДФН/23-11-2023/300790800,Пригодно,ДВН-02,Датчики направления ветра,2023,"ООО ""СТАНДАРТ-12""",True,1-300790800,2023-11-23T00:00:00Z,1784990422453452800
76645-19,Нет модификации,0055220036,2024-11-21T00:00:00Z,С-В/22-11-2023/301567322,Пригодно,ДВН-02,Датчики направления ветра,2023,"ФГУП ""ВНИИМ ИМ. Д.И.МЕНДЕЛЕЕВА""",True,1-301567322,2023-11-22T00:00:00Z,1785189956589715456
76645-19,Нет модификации,0055220169,2024-11-21T00:00:00Z,С-В/22-11-2023/301567323,Пригодно,ДВН-02,Датчики направления ветра,2023,"ФГУП ""ВНИИМ ИМ. Д.И.МЕНДЕЛЕЕВА""",True,1-301567323,2023-11-22T00:00:00Z,1785189956604395520
76645-19,Нет модификации,0055230005,2024-11-20T00:00:00Z,С-В/21-11-2023/301567337,Пригодно,ДВН-02,Датчики направления ветра,2023,"ФГУП ""ВНИИМ ИМ. Д.И.МЕНДЕЛЕЕВА""",True,1-301567337,2023-11-21T00:00:00Z,1785189956489052160
76645-19,Нет модификации,0055230002,2024-11-02T00:00:00Z,С-В/03-11-2023/293576180,Пригодно,ДВН-02,Датчики направления ветра,2023,"ФГУП ""ВНИИМ ИМ. Д.И.МЕНДЕЛЕЕВА""",True,1-293576180,2023-11-03T00:00:00Z,1782187785125363712
76645-19,Нет модификации,0055230010,2024-11-01T00:00:00Z,С-В/02-11-2023/299036376,Пригодно,ДВН-02,Датчики направления ветра,2023,"ФГУП ""ВНИИМ ИМ. Д.И.МЕНДЕЛЕЕВА""",True,1-299036376,2023-11-02T00:00:00Z,1784362722828222464
76645-19,Нет модификации,0055230006,2024-10-24T00:00:00Z,С-В/25-10-2023/298148928,Пригодно,ДВН-02,Датчики направления ветра,2023,"ФГУП ""ВНИИМ ИМ. Д.И.МЕНДЕЛЕЕВА""",True,1-298148928,2023-10-25T00:00:00Z,1783986475452334080
76645-19,Нет модификации,0055230150,2024-10-09T00:00:00Z,С-ДФН/10-10-2023/293923790,Пригодно,ДВН-02,Датчики направления ветра,2023,"ООО ""СТАНДАРТ-12""",True,1-293923790,2023-10-10T00:00:00Z,1782447987551633408
76645-19,Нет модификации,0055230142,2024-10-09T00:00:00Z,С-ДФН/10-10-2023/293923791,Пригодно,ДВН-02,Датчики направления ветра,2023,"ООО ""СТАНДАРТ-12""",True,1-293923791,2023-10-10T00:00:00Z,1782447987555827712
76645-19,Нет модификации,0055230140,2024-10-09T00:00:00Z,С-ДФН/10-10-2023/293923792,Пригодно,ДВН-02,Датчики направления ветра,2023,"ООО ""СТАНДАРТ-12""",True,1-293923792,2023-10-10T00:00:00Z,1782447987558973440
76645-19,Нет модификации,0055230139,2024-10-09T00:00:00Z,С-ДФН/10-10-2023/293923793,Пригодно,ДВН-02,Датчики направления ветра,2023,"ООО ""СТАНДАРТ-12""",True,1-293923793,2023-10-10T00:00:00Z,1782447987563167744
76645-19,Нет модификации,0055230137,2024-10-09T00:00:00Z,С-ДФН/10-10-2023/293923794,Пригодно,ДВН-02,Датчики направления ветра,2023,"ООО ""СТАНДАРТ-12""",True,1-293923794,2023-10-10T00:00:00Z,1782447987573653504
76645-19,Нет модификации,0055230131,2024-10-09T00:00:00Z,С-ДФН/10-10-2023/293881056,Пригодно,ДВН-02,Датчики направления ветра,2023,"ООО ""СТАНДАРТ-12""",True,1-293881056,2023-10-10T00:00:00Z,1782445634956034048
76645-19,Нет модификации,0055230134,2024-10-09T00:00:00Z,С-ДФН/10-10-2023/293881055,Пригодно,ДВН-02,Датчики направления ветра,2023,"ООО ""СТАНДАРТ-12""",True,1-293881055,2023-10-10T00:00:00Z,1782445635009511424
76645-19,Нет модификации,0055230135,2024-10-09T00:00:00Z,С-ДФН/10-10-2023/293881054,Пригодно,ДВН-02,Датчики направления ветра,2023,"ООО ""СТАНДАРТ-12""",True,1-293881054,2023-10-10T00:00:00Z,1782445635013705728
76645-19,Нет модификации,0055230138,2024-10-09T00:00:00Z,С-ДФН/10-10-2023/293881053,Пригодно,ДВН-02,Датчики направления ветра,2023,"ООО ""СТАНДАРТ-12""",True,1-293881053,2023-10-10T00:00:00Z,1782445635016851456
76645-19,Нет модификации,0055230141,2024-10-09T00:00:00Z,С-ДФН/10-10-2023/293881052,Пригодно,ДВН-02,Датчики направления ветра,2023,"ООО ""СТАНДАРТ-12""",True,1-293881052,2023-10-10T00:00:00Z,1782445635019997184
76645-19,Нет модификации,0055230143,2024-10-09T00:00:00Z,С-ДФН/10-10-2023/293881051,Пригодно,ДВН-02,Датчики направления ветра,2023,"ООО ""СТАНДАРТ-12""",True,1-293881051,2023-10-10T00:00:00Z,1782445635024191488
76645-19,Нет модификации,0055230124,2024-10-09T00:00:00Z,С-ДФН/10-10-2023/293881050,Пригодно,ДВН-02,Датчики направления ветра,2023,"ООО ""СТАНДАРТ-12""",True,1-293881050,2023-10-10T00:00:00Z,1782445635027337216
76645-19,Нет модификации,0055230125,2024-10-09T00:00:00Z,С-ДФН/10-10-2023/293881049,Пригодно,ДВН-02,Датчики направления ветра,2023,"ООО ""СТАНДАРТ-12""",True,1-293881049,2023-10-10T00:00:00Z,1782445635045163008
76645-19,Нет модификации,0055230126,2024-10-09T00:00:00Z,С-ДФН/10-10-2023/293881048,Пригодно,ДВН-02,Датчики направления ветра,2023,"ООО ""СТАНДАРТ-12""",True,1-293881048,2023-10-10T00:00:00Z,1782445635048308736
76645-19,Нет модификации,0055230127,2024-10-09T00:00:00Z,С-ДФН/10-10-2023/293881046,Пригодно,ДВН-02,Датчики направления ветра,2023,"ООО ""СТАНДАРТ-12""",True,1-293881046,2023-10-10T00:00:00Z,1782445635061940224
76645-19,Нет модификации,0055230128,2024-10-09T00:00:00Z,С-ДФН/10-10-2023/293881045,Пригодно,ДВН-02,Датчики направления ветра,2023,"ООО ""СТАНДАРТ-12""",True,1-293881045,2023-10-10T00:00:00Z,1782445635069280256
76645-19,Нет модификации,0055230129,2024-10-09T00:00:00Z,С-ДФН/10-10-2023/293881044,Пригодно,ДВН-02,Датчики направления ветра,2023,"ООО ""СТАНДАРТ-12""",True,1-293881044,2023-10-10T00:00:00Z,1782445635118563328
76645-19,Нет модификации,0055230130,2024-10-09T00:00:00Z,С-ДФН/10-10-2023/293881043,Пригодно,ДВН-02,Датчики направления ветра,2023,"ООО ""СТАНДАРТ-12""",True,1-293881043,2023-10-10T00:00:00Z,1782445635122757632
76645-19,Нет модификации,0055230132,2024-10-09T00:00:00Z,С-ДФН/10-10-2023/293881042,Пригодно,ДВН-02,Датчики направления ветра,2023,"ООО ""СТАНДАРТ-12""",True,1-293881042,2023-10-10T00:00:00Z,1782445635125903360
76645-19,Нет модификации,0055230133,2024-10-09T00:00:00Z,С-ДФН/10-10-2023/293881041,Пригодно,ДВН-02,Датчики направления ветра,2023,"ООО ""СТАНДАРТ-12""",True,1-293881041,2023-10-10T00:00:00Z,1782445635129049088
76645-19,Нет модификации,0055230136,2024-10-09T00:00:00Z,С-ДФН/10-10-2023/293881040,Пригодно,ДВН-02,Датчики направления ветра,2023,"ООО ""СТАНДАРТ-12""",True,1-293881040,2023-10-10T00:00:00Z,1782445635133243392
76645-19,Нет модификации,0055230160,2024-10-08T00:00:00Z,С-ДФН/09-10-2023/293923779,Пригодно,ДВН-02,Датчики направления ветра,2023,"ООО ""СТАНДАРТ-12""",True,1-293923779,2023-10-09T00:00:00Z,1782447987459358720
76645-19,Нет модификации,0055230159,2024-10-08T00:00:00Z,С-ДФН/09-10-2023/293923780,Пригодно,ДВН-02,Датчики направления ветра,2023,"ООО ""СТАНДАРТ-12""",True,1-293923780,2023-10-09T00:00:00Z,1782447987478233088
76645-19,Нет модификации,0055230158,2024-10-08T00:00:00Z,С-ДФН/09-10-2023/293923781,Пригодно,ДВН-02,Датчики направления ветра,2023,"ООО ""СТАНДАРТ-12""",True,1-293923781,2023-10-09T00:00:00Z,1782447987482427392
76645-19,Нет модификации,0055230157,2024-10-08T00:00:00Z,С-ДФН/09-10-2023/293923782,Пригодно,ДВН-02,Датчики направления ветра,2023,"ООО ""СТАНДАРТ-12""",True,1-293923782,2023-10-09T00:00:00Z,1782447987485573120
76645-19,Нет модификации,0055230153,2024-10-08T00:00:00Z,С-ДФН/09-10-2023/293923787,Пригодно,ДВН-02,Датчики направления ветра,2023,"ООО ""СТАНДАРТ-12""",True,1-293923787,2023-10-09T00:00:00Z,1782447987488718848
76645-19,Нет модификации,0055230152,2024-10-08T00:00:00Z,С-ДФН/09-10-2023/293923788,Пригодно,ДВН-02,Датчики направления ветра,2023,"ООО ""СТАНДАРТ-12""",True,1-293923788,2023-10-09T00:00:00Z,1782447987492913152
76645-19,Нет модификации,0055230151,2024-10-08T00:00:00Z,С-ДФН/09-10-2023/293923789,Пригодно,ДВН-02,Датчики направления ветра,2023,"ООО ""СТАНДАРТ-12""",True,1-293923789,2023-10-09T00:00:00Z,1782447987497107456
76645-19,Нет модификации,0055230156,2024-10-08T00:00:00Z,С-ДФН/09-10-2023/293923783,Пригодно,ДВН-02,Датчики направления ветра,2023,"ООО ""СТАНДАРТ-12""",True,1-293923783,2023-10-09T00:00:00Z,1782447987500253184
76645-19,Нет модификации,0055230155,2024-10-08T00:00:00Z,С-ДФН/09-10-2023/293923784,Пригодно,ДВН-02,Датчики направления ветра,2023,"ООО ""СТАНДАРТ-12""",True,1-293923784,2023-10-09T00:00:00Z,1782447987503398912
76645-19,Нет модификации,0055230154,2024-10-08T00:00:00Z,С-ДФН/09-10-2023/293923785,Пригодно,ДВН-02,Датчики направления ветра,2023,"ООО ""СТАНДАРТ-12""",True,1-293923785,2023-10-09T00:00:00Z,1782447987507593216
76645-19,Нет модификации,0055230163,2024-10-08T00:00:00Z,С-ДФН/09-10-2023/293881097,Пригодно,ДВН-02,Датчики направления ветра,2023,"ООО ""СТАНДАРТ-12""",True,1-293881097,2023-10-09T00:00:00Z,1782445635297869824
76645-19,Нет модификации,0055230164,2024-10-08T00:00:00Z,С-ДФН/09-10-2023/293881096,Пригодно,ДВН-02,Датчики направления ветра,2023,"ООО ""СТАНДАРТ-12""",True,1-293881096,2023-10-09T00:00:00Z,1782445635305209856
76645-19,Нет модификации,0055230169,2024-10-08T00:00:00Z,С-ДФН/09-10-2023/293881095,Пригодно,ДВН-02,Датчики направления ветра,2023,"ООО ""СТАНДАРТ-12""",True,1-293881095,2023-10-09T00:00:00Z,1782445635308355584
76645-19,Нет модификации,0055230168,2024-10-08T00:00:00Z,С-ДФН/09-10-2023/293881118,Пригодно,ДВН-02,Датчики направления ветра,2023,"ООО ""СТАНДАРТ-12""",True,1-293881118,2023-10-09T00:00:00Z,1782445637042700288
76645-19,Нет модификации,0055230167,2024-10-08T00:00:00Z,С-ДФН/09-10-2023/293881119,Пригодно,ДВН-02,Датчики направления ветра,2023,"ООО ""СТАНДАРТ-12""",True,1-293881119,2023-10-09T00:00:00Z,1782445637097226240
76645-19,Нет модификации,0055230161,2024-10-08T00:00:00Z,С-ДФН/09-10-2023/293881123,Пригодно,ДВН-02,Датчики направления ветра,2023,"ООО ""СТАНДАРТ-12""",True,1-293881123,2023-10-09T00:00:00Z,1782445637816549376
76645-19,Нет модификации,0055230162,2024-10-08T00:00:00Z,С-ДФН/09-10-2023/293881122,Пригодно,ДВН-02,Датчики направления ветра,2023,"ООО ""СТАНДАРТ-12""",True,1-293881122,2023-10-09T00:00:00Z,1782445637820743680
76645-19,Нет модификации,0055230165,2024-10-08T00:00:00Z,С-ДФН/09-10-2023/293881121,Пригодно,ДВН-02,Датчики направления ветра,2023,"ООО ""СТАНДАРТ-12""",True,1-293881121,2023-10-09T00:00:00Z,1782445637885755392
76645-19,Нет модификации,0055230166,2024-10-08T00:00:00Z,С-ДФН/09-10-2023/293881120,Пригодно,ДВН-02,Датчики направления ветра,2023,"ООО ""СТАНДАРТ-12""",True,1-293881120,2023-10-09T00:00:00Z,1782445637894144000
76645-19,Нет модификации,0097230032,2024-09-17T00:00:00Z,С-ДФН/18-09-2023/285062049,Пригодно,ДВН-02,Датчики направления ветра,2023,"ООО ""СТАНДАРТ-12""",True,1-285062049,2023-09-18T00:00:00Z,1779288607353208832
76645-19,Нет модификации,0097230033,2024-09-17T00:00:00Z,С-ДФН/18-09-2023/285062047,Пригодно,ДВН-02,Датчики направления ветра,2023,"ООО ""СТАНДАРТ-12""",True,1-285062047,2023-09-18T00:00:00Z,1779288607365791744
76645-19,Нет модификации,0097230024,2024-09-17T00:00:00Z,С-ДФН/18-09-2023/285062059,Пригодно,ДВН-02,Датчики направления ветра,2023,"ООО ""СТАНДАРТ-12""",True,1-285062059,2023-09-18T00:00:00Z,1779288607514689536
76645-19,Нет модификации,0097230025,2024-09-17T00:00:00Z,С-ДФН/18-09-2023/285062058,Пригодно,ДВН-02,Датчики направления ветра,2023,"ООО ""СТАНДАРТ-12""",True,1-285062058,2023-09-18T00:00:00Z,1779288607517835264
76645-19,Нет модификации,0097230026,2024-09-17T00:00:00Z,С-ДФН/18-09-2023/285062057,Пригодно,ДВН-02,Датчики направления ветра,2023,"ООО ""СТАНДАРТ-12""",True,1-285062057,2023-09-18T00:00:00Z,1779288607527272448
76645-19,Нет модификации,0097230027,2024-09-17T00:00:00Z,С-ДФН/18-09-2023/285062055,Пригодно,ДВН-02,Датчики направления ветра,2023,"ООО ""СТАНДАРТ-12""",True,1-285062055,2023-09-18T00:00:00Z,1779288607534612480
76645-19,Нет модификации,0097230028,2024-09-17T00:00:00Z,С-ДФН/18-09-2023/285062054,Пригодно,ДВН-02,Датчики направления ветра,2023,"ООО ""СТАНДАРТ-12""",True,1-285062054,2023-09-18T00:00:00Z,1779288607538806784
76645-19,Нет модификации,0097230029,2024-09-17T00:00:00Z,С-ДФН/18-09-2023/285062052,Пригодно,ДВН-02,Датчики направления ветра,2023,"ООО ""СТАНДАРТ-12""",True,1-285062052,2023-09-18T00:00:00Z,1779288613171757056
76645-19,Нет модификации,0097230030,2024-09-17T00:00:00Z,С-ДФН/18-09-2023/285062051,Пригодно,ДВН-02,Датчики направления ветра,2023,"ООО ""СТАНДАРТ-12""",True,1-285062051,2023-09-18T00:00:00Z,1779288613180145664
76645-19,Нет модификации,0097230031,2024-09-17T00:00:00Z,С-ДФН/18-09-2023/285062050,Пригодно,ДВН-02,Датчики направления ветра,2023,"ООО ""СТАНДАРТ-12""",True,1-285062050,2023-09-18T00:00:00Z,1779288613189582848
76645-19,Нет модификации,0097230008,2024-08-17T00:00:00Z,С-ДФН/18-08-2023/293881062,Пригодно,ДВН-02,Датчики направления ветра,2023,"ООО ""СТАНДАРТ-12""",True,1-293881062,2023-08-18T00:00:00Z,1782445711502082048
76645-19,Нет модификации,0055230110,2024-07-27T00:00:00Z,С-ДФН/28-07-2023/271566428,Пригодно,ДВН-02,Датчики направления ветра,2023,"ООО ""СТАНДАРТ-12""",True,1-271566428,2023-07-28T00:00:00Z,1774867229690560513
76645-19,Нет модификации,0055230109,2024-07-27T00:00:00Z,С-ДФН/28-07-2023/271566429,Пригодно,ДВН-02,Датчики направления ветра,2023,"ООО ""СТАНДАРТ-12""",True,1-271566429,2023-07-28T00:00:00Z,1774867229690560515
76645-19,Нет модификации,0055230108,2024-07-27T00:00:00Z,С-ДФН/28-07-2023/271566430,Пригодно,ДВН-02,Датчики направления ветра,2023,"ООО ""СТАНДАРТ-12""",True,1-271566430,2023-07-28T00:00:00Z,1774867229690560519
76645-19,Нет модификации,0055230107,2024-07-27T00:00:00Z,С-ДФН/28-07-2023/271566431,Пригодно,ДВН-02,Датчики направления ветра,2023,"ООО ""СТАНДАРТ-12""",True,1-271566431,2023-07-28T00:00:00Z,1774867229691609092
76645-19,Нет модификации,0055230106,2024-07-27T00:00:00Z,С-ДФН/28-07-2023/271566432,Пригодно,ДВН-02,Датчики направления ветра,2023,"ООО ""СТАНДАРТ-12""",True,1-271566432,2023-07-28T00:00:00Z,1774867229692657665
76645-19,Нет модификации,0055230105,2024-07-27T00:00:00Z,С-ДФН/28-07-2023/271566433,Пригодно,ДВН-02,Датчики направления ветра,2023,"ООО ""СТАНДАРТ-12""",True,1-271566433,2023-07-28T00:00:00Z,1774867229692657671
76645-19,Нет модификации,0055230104,2024-07-27T00:00:00Z,С-ДФН/28-07-2023/271566434,Пригодно,ДВН-02,Датчики направления ветра,2023,"ООО ""СТАНДАРТ-12""",True,1-271566434,2023-07-28T00:00:00Z,1774867229747183616
76645-19,Нет модификации,0055230103,2024-07-27T00:00:00Z,С-ДФН/28-07-2023/271566435,Пригодно,ДВН-02,Датчики направления ветра,2023,"ООО ""СТАНДАРТ-12""",True,1-271566435,2023-07-28T00:00:00Z,1774867229748232197
76645-19,Нет модификации,0055230102,2024-07-27T00:00:00Z,С-ДФН/28-07-2023/271566436,Пригодно,ДВН-02,Датчики направления ветра,2023,"ООО ""СТАНДАРТ-12""",True,1-271566436,2023-07-28T00:00:00Z,1774867229749280769
76645-19,Нет модификации,0055230101,2024-07-26T00:00:00Z,С-ДФН/27-07-2023/271566437,Пригодно,ДВН-02,Датчики направления ветра,2023,"ООО ""СТАНДАРТ-12""",True,1-271566437,2023-07-27T00:00:00Z,1774867229749280775
76645-19,Нет модификации,0055230100,2024-07-26T00:00:00Z,С-ДФН/27-07-2023/271566439,Пригодно,ДВН-02,Датчики направления ветра,2023,"ООО ""СТАНДАРТ-12""",True,1-271566439,2023-07-27T00:00:00Z,1774867229750329347
76645-19,Нет модификации,0055230099,2024-07-26T00:00:00Z,С-ДФН/27-07-2023/271566440,Пригодно,ДВН-02,Датчики направления ветра,2023,"ООО ""СТАНДАРТ-12""",True,1-271566440,2023-07-27T00:00:00Z,1774867229750329351
76645-19,Нет модификации,0055230098,2024-07-26T00:00:00Z,С-ДФН/27-07-2023/271566441,Пригодно,ДВН-02,Датчики направления ветра,2023,"ООО ""СТАНДАРТ-12""",True,1-271566441,2023-07-27T00:00:00Z,1774867229751377923
76645-19,Нет модификации,0055230097,2024-07-26T00:00:00Z,С-ДФН/27-07-2023/271566442,Пригодно,ДВН-02,Датчики направления ветра,2023,"ООО ""СТАНДАРТ-12""",True,1-271566442,2023-07-27T00:00:00Z,1774867229752426496
76645-19,Нет модификации,0055230094,2024-07-26T00:00:00Z,С-ДФН/27-07-2023/271536158,Пригодно,ДВН-02,Датчики направления ветра,2023,"ООО ""СТАНДАРТ-12""",True,1-293798339,2023-07-27T00:00:00Z,1782439116312412160
76645-19,Нет модификации,0055230095,2024-07-26T00:00:00Z,С-ДФН/27-07-2023/271566444,Пригодно,ДВН-02,Датчики направления ветра,2023,"ООО ""СТАНДАРТ-12""",True,1-293798338,2023-07-27T00:00:00Z,1782439116320800768
76645-19,Нет модификации,0055230092,2024-07-26T00:00:00Z,С-ДФН/27-07-2023/271568159,Пригодно,ДВН-02,Датчики направления ветра,2023,"ООО ""СТАНДАРТ-12""",True,1-293798341,2023-07-27T00:00:00Z,1782439116566167552
76645-19,Нет модификации,0055230093,2024-07-26T00:00:00Z,С-ДФН/27-07-2023/271568158,Пригодно,ДВН-02,Датчики направления ветра,2023,"ООО ""СТАНДАРТ-12""",True,1-293798340,2023-07-27T00:00:00Z,1782439116578750464
76645-19,Нет модификации,0055230096,2024-07-26T00:00:00Z,С-ДФН/27-07-2023/271566443,Пригодно,ДВН-02,Датчики направления ветра,2023,"ООО ""СТАНДАРТ-12""",True,1-293798361,2023-07-27T00:00:00Z,1782439117463748608
76645-19,Нет модификации,0055230091,2024-07-25T00:00:00Z,С-ДФН/26-07-2023/271568160,Пригодно,ДВН-02,Датчики направления ветра,2023,"ООО ""СТАНДАРТ-12""",True,1-271568160,2023-07-26T00:00:00Z,1774867230509498374
76645-19,Нет модификации,0055230090,2024-07-25T00:00:00Z,С-ДФН/26-07-2023/271568161,Пригодно,ДВН-02,Датчики направления ветра,2023,"ООО ""СТАНДАРТ-12""",True,1-271568161,2023-07-26T00:00:00Z,1774867230530469892
76645-19,Нет модификации,0055230089,2024-07-25T00:00:00Z,С-ДФН/26-07-2023/271568162,Пригодно,ДВН-02,Датчики направления ветра,2023,"ООО ""СТАНДАРТ-12""",True,1-271568162,2023-07-26T00:00:00Z,1774867230542004224
76645-19,Нет модификации,0055230088,2024-07-25T00:00:00Z,С-ДФН/26-07-2023/271568163,Пригодно,ДВН-02,Датчики направления ветра,2023,"ООО ""СТАНДАРТ-12""",True,1-271568163,2023-07-26T00:00:00Z,1774867230544101378
76645-19,Нет модификации,0055230087,2024-07-25T00:00:00Z,С-ДФН/26-07-2023/271568164,Пригодно,ДВН-02,Датчики направления ветра,2023,"ООО ""СТАНДАРТ-12""",True,1-271568164,2023-07-26T00:00:00Z,1774867230546198533
76645-19,Нет модификации,0055230086,2024-07-25T00:00:00Z,С-ДФН/26-07-2023/271568165,Пригодно,ДВН-02,Датчики направления ветра,2023,"ООО ""СТАНДАРТ-12""",True,1-271568165,2023-07-26T00:00:00Z,1774867230561927171
76645-19,Нет модификации,0055230085,2024-07-25T00:00:00Z,С-ДФН/26-07-2023/271568166,Пригодно,ДВН-02,Датчики направления ветра,2023,"ООО ""СТАНДАРТ-12""",True,1-271568166,2023-07-26T00:00:00Z,1774867230567170049
76645-19,Нет модификации,0055230084,2024-07-25T00:00:00Z,С-ДФН/26-07-2023/271568167,Пригодно,ДВН-02,Датчики направления ветра,2023,"ООО ""СТАНДАРТ-12""",True,1-271568167,2023-07-26T00:00:00Z,1774867230571364352
76645-19,Нет модификации,0055230083,2024-07-25T00:00:00Z,С-ДФН/26-07-2023/271568168,Пригодно,ДВН-02,Датчики направления ветра,2023,"ООО ""СТАНДАРТ-12""",True,1-271568168,2023-07-26T00:00:00Z,1774867230573461505
76645-19,Нет модификации,0055230082,2024-07-25T00:00:00Z,С-ДФН/26-07-2023/271568169,Пригодно,ДВН-02,Датчики направления ветра,2023,"ООО ""СТАНДАРТ-12""",True,1-271568169,2023-07-26T00:00:00Z,1774867230599675905
76645-19,Нет модификации,0055230081,2024-07-25T00:00:00Z,С-ДФН/26-07-2023/271568170,Пригодно,ДВН-02,Датчики направления ветра,2023,"ООО ""СТАНДАРТ-12""",True,1-271568170,2023-07-26T00:00:00Z,1774867230603870212
76645-19,Нет модификации,0055230067,2024-06-13T00:00:00Z,С-В/14-06-2023/256236801,Пригодно,ДВН-02,Датчики направления ветра,2023,"ФГУП ""ВНИИМ ИМ. Д.И.МЕНДЕЛЕЕВА""",True,1-256236801,2023-06-14T00:00:00Z,1774861117165666307
76645-19,Нет модификации,0055230066,2024-06-13T00:00:00Z,С-В/14-06-2023/256236802,Пригодно,ДВН-02,Датчики направления ветра,2023,"ФГУП ""ВНИИМ ИМ. Д.И.МЕНДЕЛЕЕВА""",True,1-256236802,2023-06-14T00:00:00Z,1774861117240115205
76645-19,Нет модификации,0055230073,2024-06-13T00:00:00Z,С-В/14-06-2023/256236795,Пригодно,ДВН-02,Датчики направления ветра,2023,"ФГУП ""ВНИИМ ИМ. Д.И.МЕНДЕЛЕЕВА""",True,1-256236795,2023-06-14T00:00:00Z,1774861117326098433
76645-19,Нет модификации,0055230072,2024-06-13T00:00:00Z,С-В/14-06-2023/256236796,Пригодно,ДВН-02,Датчики направления ветра,2023,"ФГУП ""ВНИИМ ИМ. Д.И.МЕНДЕЛЕЕВА""",True,1-256236796,2023-06-14T00:00:00Z,1774861117326098437
76645-19,Нет модификации,0055230071,2024-06-13T00:00:00Z,С-В/14-06-2023/256236797,Пригодно,ДВН-02,Датчики направления ветра,2023,"ФГУП ""ВНИИМ ИМ. Д.И.МЕНДЕЛЕЕВА""",True,1-256236797,2023-06-14T00:00:00Z,1774861117327147012
76645-19,Нет модификации,0055230070,2024-06-13T00:00:00Z,С-В/14-06-2023/256236798,Пригодно,ДВН-02,Датчики направления ветра,2023,"ФГУП ""ВНИИМ ИМ. Д.И.МЕНДЕЛЕЕВА""",True,1-256236798,2023-06-14T00:00:00Z,1774861118451220486
76645-19,Нет модификации,0055230069,2024-06-13T00:00:00Z,С-В/14-06-2023/256236799,Пригодно,ДВН-02,Датчики направления ветра,2023,"ФГУП ""ВНИИМ ИМ. Д.И.МЕНДЕЛЕЕВА""",True,1-256236799,2023-06-14T00:00:00Z,1774861118462754821
76645-19,Нет модификации,0055230068,2024-06-13T00:00:00Z,С-В/14-06-2023/256236800,Пригодно,ДВН-02,Датчики направления ветра,2023,"ФГУП ""ВНИИМ ИМ. Д.И.МЕНДЕЛЕЕВА""",True,1-256236800,2023-06-14T00:00:00Z,1774861118754258949
76645-19,Нет модификации,0055230065,2024-06-13T00:00:00Z,С-В/14-06-2023/256236803,Пригодно,ДВН-02,Датчики направления ветра,2023,"ФГУП ""ВНИИМ ИМ. Д.И.МЕНДЕЛЕЕВА""",True,1-256236803,2023-06-14T00:00:00Z,1774861118906302464
76645-19,Нет модификации,0055230064,2024-06-13T00:00:00Z,С-В/14-06-2023/256236804,Пригодно,ДВН-02,Датчики направления ветра,2023,"ФГУП ""ВНИИМ ИМ. Д.И.МЕНДЕЛЕЕВА""",True,1-256236804,2023-06-14T00:00:00Z,1774861118906302469
76645-19,Нет модификации,0055230063,2024-06-13T00:00:00Z,С-В/14-06-2023/256236805,Пригодно,ДВН-02,Датчики направления ветра,2023,"ФГУП ""ВНИИМ ИМ. Д.И.МЕНДЕЛЕЕВА""",True,1-256236805,2023-06-14T00:00:00Z,1774861118907351042
76645-19,Нет модификации,0055230062,2024-06-13T00:00:00Z,С-В/14-06-2023/256236806,Пригодно,ДВН-02,Датчики направления ветра,2023,"ФГУП ""ВНИИМ ИМ. Д.И.МЕНДЕЛЕЕВА""",True,1-256236806,2023-06-14T00:00:00Z,1774861118908399617
76645-19,Нет модификации,0055230061,2024-06-13T00:00:00Z,С-В/14-06-2023/256236807,Пригодно,ДВН-02,Датчики направления ветра,2023,"ФГУП ""ВНИИМ ИМ. Д.И.МЕНДЕЛЕЕВА""",True,1-256236807,2023-06-14T00:00:00Z,1774861118908399622
76645-19,Нет модификации,0055230060,2024-05-21T00:00:00Z,С-В/22-05-2023/249381818,Пригодно,ДВН-02,Датчики направления ветра,2023,"ФГУП ""ВНИИМ ИМ. Д.И.МЕНДЕЛЕЕВА""",True,1-249381818,2023-05-22T00:00:00Z,1774857968061251585
76645-19,Нет модификации,0055230059,2024-05-21T00:00:00Z,С-В/22-05-2023/249381819,Пригодно,ДВН-02,Датчики направления ветра,2023,"ФГУП ""ВНИИМ ИМ. Д.И.МЕНДЕЛЕЕВА""",True,1-249381819,2023-05-22T00:00:00Z,1774857968065445894
76645-19,Нет модификации,0055230058,2024-05-21T00:00:00Z,С-В/22-05-2023/249381820,Пригодно,ДВН-02,Датчики направления ветра,2023,"ФГУП ""ВНИИМ ИМ. Д.И.МЕНДЕЛЕЕВА""",True,1-249381820,2023-05-22T00:00:00Z,1774857968073834497
76645-19,Нет модификации,0055230057,2024-05-21T00:00:00Z,С-В/22-05-2023/249381821,Пригодно,ДВН-02,Датчики направления ветра,2023,"ФГУП ""ВНИИМ ИМ. Д.И.МЕНДЕЛЕЕВА""",True,1-249381821,2023-05-22T00:00:00Z,1774857968088514560
76645-19,Нет модификации,0055230056,2024-05-21T00:00:00Z,С-В/22-05-2023/249381822,Пригодно,ДВН-02,Датчики направления ветра,2023,"ФГУП ""ВНИИМ ИМ. Д.И.МЕНДЕЛЕЕВА""",True,1-249381822,2023-05-22T00:00:00Z,1774857968089563140
76645-19,Нет модификации,0055230055,2024-05-21T00:00:00Z,С-В/22-05-2023/249381823,Пригодно,ДВН-02,Датчики направления ветра,2023,"ФГУП ""ВНИИМ ИМ. Д.И.МЕНДЕЛЕЕВА""",True,1-249381823,2023-05-22T00:00:00Z,1774857968092708866
76645-19,Нет модификации,0055230054,2024-05-21T00:00:00Z,С-В/22-05-2023/249381825,Пригодно,ДВН-02,Датчики направления ветра,2023,"ФГУП ""ВНИИМ ИМ. Д.И.МЕНДЕЛЕЕВА""",True,1-249381825,2023-05-22T00:00:00Z,1774857968096903173
76645-19,Нет модификации,0055230053,2024-05-21T00:00:00Z,С-В/22-05-2023/249381826,Пригодно,ДВН-02,Датчики направления ветра,2023,"ФГУП ""ВНИИМ ИМ. Д.И.МЕНДЕЛЕЕВА""",True,1-249381826,2023-05-22T00:00:00Z,1774857968101097475
76645-19,Нет модификации,0055230052,2024-05-21T00:00:00Z,С-В/22-05-2023/249381827,Пригодно,ДВН-02,Датчики направления ветра,2023,"ФГУП ""ВНИИМ ИМ. Д.И.МЕНДЕЛЕЕВА""",True,1-249381827,2023-05-22T00:00:00Z,1774857968103194624
76645-19,Нет модификации,0055230051,2024-05-21T00:00:00Z,С-В/22-05-2023/249381828,Пригодно,ДВН-02,Датчики направления ветра,2023,"ФГУП ""ВНИИМ ИМ. Д.И.МЕНДЕЛЕЕВА""",True,1-249381828,2023-05-22T00:00:00Z,1774857968106340358
76645-19,Нет модификации,0055230050,2024-05-21T00:00:00Z,С-В/22-05-2023/249381829,Пригодно,ДВН-02,Датчики направления ветра,2023,"ФГУП ""ВНИИМ ИМ. Д.И.МЕНДЕЛЕЕВА""",True,1-249381829,2023-05-22T00:00:00Z,1774857968108437507
76645-19,Нет модификации,0055230049,2024-05-21T00:00:00Z,С-В/22-05-2023/249381830,Пригодно,ДВН-02,Датчики направления ветра,2023,"ФГУП ""ВНИИМ ИМ. Д.И.МЕНДЕЛЕЕВА""",True,1-249381830,2023-05-22T00:00:00Z,1774857968111583235
76645-19,Нет модификации,0055230048,2024-05-21T00:00:00Z,С-В/22-05-2023/249381831,Пригодно,ДВН-02,Датчики направления ветра,2023,"ФГУП ""ВНИИМ ИМ. Д.И.МЕНДЕЛЕЕВА""",True,1-249381831,2023-05-22T00:00:00Z,1774857968113680386
76645-19,Нет модификации,0055230047,2024-05-21T00:00:00Z,С-В/22-05-2023/249381832,Пригодно,ДВН-02,Датчики направления ветра,2023,"ФГУП ""ВНИИМ ИМ. Д.И.МЕНДЕЛЕЕВА""",True,1-249381832,2023-05-22T00:00:00Z,1774857968114728963
76645-19,Нет модификации,0055230046,2024-05-21T00:00:00Z,С-В/22-05-2023/249381833,Пригодно,ДВН-02,Датчики направления ветра,2023,"ФГУП ""ВНИИМ ИМ. Д.И.МЕНДЕЛЕЕВА""",True,1-249381833,2023-05-22T00:00:00Z,1774857968117874690
76645-19,Нет модификации,0055230045,2024-05-21T00:00:00Z,С-В/22-05-2023/249381834,Пригодно,ДВН-02,Датчики направления ветра,2023,"ФГУП ""ВНИИМ ИМ. Д.И.МЕНДЕЛЕЕВА""",True,1-249381834,2023-05-22T00:00:00Z,1774857968119971840
76645-19,Нет модификации,0055230044,2024-05-21T00:00:00Z,С-В/22-05-2023/249381835,Пригодно,ДВН-02,Датчики направления ветра,2023,"ФГУП ""ВНИИМ ИМ. Д.И.МЕНДЕЛЕЕВА""",True,1-249381835,2023-05-22T00:00:00Z,1774857968123117570
76645-19,Нет модификации,0055230043,2024-05-21T00:00:00Z,С-В/22-05-2023/249381837,Пригодно,ДВН-02,Датчики направления ветра,2023,"ФГУП ""ВНИИМ ИМ. Д.И.МЕНДЕЛЕЕВА""",True,1-249381837,2023-05-22T00:00:00Z,1774857968127311875
76645-19,Нет модификации,0055230042,2024-05-21T00:00:00Z,С-В/22-05-2023/249381838,Пригодно,ДВН-02,Датчики направления ветра,2023,"ФГУП ""ВНИИМ ИМ. Д.И.МЕНДЕЛЕЕВА""",True,1-249381838,2023-05-22T00:00:00Z,1774857968130457603
76645-19,Нет модификации,0055230041,2024-05-21T00:00:00Z,С-В/22-05-2023/249381839,Пригодно,ДВН-02,Датчики направления ветра,2023,"ФГУП ""ВНИИМ ИМ. Д.И.МЕНДЕЛЕЕВА""",True,1-249381839,2023-05-22T00:00:00Z,1774857968137797632
76645-19,Нет модификации,0055230040,2024-05-10T00:00:00Z,С-В/11-05-2023/246704660,Пригодно,ДВН-02,Датчики направления ветра,2023,"ФГУП ""ВНИИМ ИМ. Д.И.МЕНДЕЛЕЕВА""",True,1-246704660,2023-05-11T00:00:00Z,1774858545918902276
76645-19,Нет модификации,0055230039,2024-05-10T00:00:00Z,С-В/11-05-2023/246704661,Пригодно,ДВН-02,Датчики направления ветра,2023,"ФГУП ""ВНИИМ ИМ. Д.И.МЕНДЕЛЕЕВА""",True,1-246704661,2023-05-11T00:00:00Z,1774858545919950848
76645-19,Нет модификации,0055230038,2024-05-10T00:00:00Z,С-В/11-05-2023/246704662,Пригодно,ДВН-02,Датчики направления ветра,2023,"ФГУП ""ВНИИМ ИМ. Д.И.МЕНДЕЛЕЕВА""",True,1-246704662,2023-05-11T00:00:00Z,1774858545919950852
76645-19,Нет модификации,0055230037,2024-05-10T00:00:00Z,С-В/11-05-2023/246704663,Пригодно,ДВН-02,Датчики направления ветра,2023,"ФГУП ""ВНИИМ ИМ. Д.И.МЕНДЕЛЕЕВА""",True,1-246704663,2023-05-11T00:00:00Z,1774858545919950854
76645-19,Нет модификации,0055230036,2024-05-10T00:00:00Z,С-В/11-05-2023/246704664,Пригодно,ДВН-02,Датчики направления ветра,2023,"ФГУП ""ВНИИМ ИМ. Д.И.МЕНДЕЛЕЕВА""",True,1-246704664,2023-05-11T00:00:00Z,1774858545920999426
76645-19,Нет модификации,0055230035,2024-05-10T00:00:00Z,С-В/11-05-2023/246704666,Пригодно,ДВН-02,Датчики направления ветра,2023,"ФГУП ""ВНИИМ ИМ. Д.И.МЕНДЕЛЕЕВА""",True,1-246704666,2023-05-11T00:00:00Z,1774858545922048000
76645-19,Нет модификации,0055230034,2024-05-10T00:00:00Z,С-В/11-05-2023/246704667,Пригодно,ДВН-02,Датчики направления ветра,2023,"ФГУП ""ВНИИМ ИМ. Д.И.МЕНДЕЛЕЕВА""",True,1-246704667,2023-05-11T00:00:00Z,1774858545922048003
76645-19,Нет модификации,0055230033,2024-05-10T00:00:00Z,С-В/11-05-2023/246704668,Пригодно,ДВН-02,Датчики направления ветра,2023,"ФГУП ""ВНИИМ ИМ. Д.И.МЕНДЕЛЕЕВА""",True,1-246704668,2023-05-11T00:00:00Z,1774858545923096576
76645-19,Нет модификации,0055230032,2024-05-10T00:00:00Z,С-В/11-05-2023/246704669,Пригодно,ДВН-02,Датчики направления ветра,2023,"ФГУП ""ВНИИМ ИМ. Д.И.МЕНДЕЛЕЕВА""",True,1-246704669,2023-05-11T00:00:00Z,1774858545923096578
76645-19,Нет модификации,0055230031,2024-05-10T00:00:00Z,С-В/11-05-2023/246704670,Пригодно,ДВН-02,Датчики направления ветра,2023,"ФГУП ""ВНИИМ ИМ. Д.И.МЕНДЕЛЕЕВА""",True,1-246704670,2023-05-11T00:00:00Z,1774858545923096581
76645-19,Нет модификации,0055230030,2024-05-10T00:00:00Z,С-В/11-05-2023/246704671,Пригодно,ДВН-02,Датчики направления ветра,2023,"ФГУП ""ВНИИМ ИМ. Д.И.МЕНДЕЛЕЕВА""",True,1-246704671,2023-05-11T00:00:00Z,1774858545924145155
76645-19,Нет модификации,0055230029,2024-05-10T00:00:00Z,С-В/11-05-2023/246704672,Пригодно,ДВН-02,Датчики направления ветра,2023,"ФГУП ""ВНИИМ ИМ. Д.И.МЕНДЕЛЕЕВА""",True,1-246704672,2023-05-11T00:00:00Z,1774858545924145157
76645-19,Нет модификации,0055230028,2024-05-10T00:00:00Z,С-В/11-05-2023/246704673,Пригодно,ДВН-02,Датчики направления ветра,2023,"ФГУП ""ВНИИМ ИМ. Д.И.МЕНДЕЛЕЕВА""",True,1-246704673,2023-05-11T00:00:00Z,1774858545925193728
76645-19,Нет модификации,0055230027,2024-05-10T00:00:00Z,С-В/11-05-2023/246704674,Пригодно,ДВН-02,Датчики направления ветра,2023,"ФГУП ""ВНИИМ ИМ. Д.И.МЕНДЕЛЕЕВА""",True,1-246704674,2023-05-11T00:00:00Z,1774858545925193731
76645-19,Нет модификации,0055230026,2024-05-10T00:00:00Z,С-В/11-05-2023/246704675,Пригодно,ДВН-02,Датчики направления ветра,2023,"ФГУП ""ВНИИМ ИМ. Д.И.МЕНДЕЛЕЕВА""",True,1-246704675,2023-05-11T00:00:00Z,1774858545925193733
76645-19,Нет модификации,0055230025,2024-05-10T00:00:00Z,С-В/11-05-2023/246704676,Пригодно,ДВН-02,Датчики направления ветра,2023,"ФГУП ""ВНИИМ ИМ. Д.И.МЕНДЕЛЕЕВА""",True,1-246704676,2023-05-11T00:00:00Z,1774858545926242306
76645-19,Нет модификации,0055230024,2024-05-10T00:00:00Z,С-В/11-05-2023/246704677,Пригодно,ДВН-02,Датчики направления ветра,2023,"ФГУП ""ВНИИМ ИМ. Д.И.МЕНДЕЛЕЕВА""",True,1-246704677,2023-05-11T00:00:00Z,1774858545927290880
76645-19,Нет модификации,0055230023,2024-05-10T00:00:00Z,С-В/11-05-2023/246704678,Пригодно,ДВН-02,Датчики направления ветра,2023,"ФГУП ""ВНИИМ ИМ. Д.И.МЕНДЕЛЕЕВА""",True,1-246704678,2023-05-11T00:00:00Z,1774858545927290884
76645-19,Нет модификации,0055230022,2024-05-10T00:00:00Z,С-В/11-05-2023/246704679,Пригодно,ДВН-02,Датчики направления ветра,2023,"ФГУП ""ВНИИМ ИМ. Д.И.МЕНДЕЛЕЕВА""",True,1-246704679,2023-05-11T00:00:00Z,1774858545928339458
76645-19,Нет модификации,0055230021,2024-05-10T00:00:00Z,С-В/11-05-2023/246704680,Пригодно,ДВН-02,Датчики направления ветра,2023,"ФГУП ""ВНИИМ ИМ. Д.И.МЕНДЕЛЕЕВА""",True,1-246704680,2023-05-11T00:00:00Z,1774858545928339461
76645-19,Нет модификации,0055230020,2024-05-10T00:00:00Z,С-В/11-05-2023/246704681,Пригодно,ДВН-02,Датчики направления ветра,2023,"ФГУП ""ВНИИМ ИМ. Д.И.МЕНДЕЛЕЕВА""",True,1-246704681,2023-05-11T00:00:00Z,1774858545929388034
76645-19,Нет модификации,0055230019,2024-05-10T00:00:00Z,С-В/11-05-2023/246704682,Пригодно,ДВН-02,Датчики направления ветра,2023,"ФГУП ""ВНИИМ ИМ. Д.И.МЕНДЕЛЕЕВА""",True,1-246704682,2023-05-11T00:00:00Z,1774858545930436608
76645-19,Нет модификации,0055230018,2024-05-10T00:00:00Z,С-В/11-05-2023/246704683,Пригодно,ДВН-02,Датчики направления ветра,2023,"ФГУП ""ВНИИМ ИМ. Д.И.МЕНДЕЛЕЕВА""",True,1-246704683,2023-05-11T00:00:00Z,1774858545930436612
76645-19,Нет модификации,0055230017,2024-05-10T00:00:00Z,С-В/11-05-2023/246704684,Пригодно,ДВН-02,Датчики направления ветра,2023,"ФГУП ""ВНИИМ ИМ. Д.И.МЕНДЕЛЕЕВА""",True,1-246704684,2023-05-11T00:00:00Z,1774858545931485187
76645-19,Нет модификации,0055230016,2024-05-10T00:00:00Z,С-В/11-05-2023/246704685,Пригодно,ДВН-02,Датчики направления ветра,2023,"ФГУП ""ВНИИМ ИМ. Д.И.МЕНДЕЛЕЕВА""",True,1-246704685,2023-05-11T00:00:00Z,1774858545932533766
76645-19,Нет модификации,0055230015,2024-05-10T00:00:00Z,С-В/11-05-2023/246704686,Пригодно,ДВН-02,Датчики направления ветра,2023,"ФГУП ""ВНИИМ ИМ. Д.И.МЕНДЕЛЕЕВА""",True,1-246704686,2023-05-11T00:00:00Z,1774858545933582339
76645-19,Нет модификации,0055230014,2024-05-10T00:00:00Z,С-В/11-05-2023/246704687,Пригодно,ДВН-02,Датчики направления ветра,2023,"ФГУП ""ВНИИМ ИМ. Д.И.МЕНДЕЛЕЕВА""",True,1-246704687,2023-05-11T00:00:00Z,1774858545934630913
76645-19,Нет модификации,0055230013,2024-05-10T00:00:00Z,С-В/11-05-2023/246704688,Пригодно,ДВН-02,Датчики направления ветра,2023,"ФГУП ""ВНИИМ ИМ. Д.И.МЕНДЕЛЕЕВА""",True,1-246704688,2023-05-11T00:00:00Z,1774858545935679490
76645-19,Нет модификации,0055230012,2024-05-10T00:00:00Z,С-В/11-05-2023/246704689,Пригодно,ДВН-02,Датчики направления ветра,2023,"ФГУП ""ВНИИМ ИМ. Д.И.МЕНДЕЛЕЕВА""",True,1-246704689,2023-05-11T00:00:00Z,1774858545936728066
76645-19,Нет модификации,0055230011,2024-05-10T00:00:00Z,С-В/11-05-2023/246704690,Пригодно,ДВН-02,Датчики направления ветра,2023,"ФГУП ""ВНИИМ ИМ. Д.И.МЕНДЕЛЕЕВА""",True,1-246704690,2023-05-11T00:00:00Z,1774858545936728069
76645-19,Нет модификации,0055230010,2024-05-10T00:00:00Z,С-В/11-05-2023/246704691,Пригодно,ДВН-02,Датчики направления ветра,2023,"ФГУП ""ВНИИМ ИМ. Д.И.МЕНДЕЛЕЕВА""",True,1-246704691,2023-05-11T00:00:00Z,1774858545937776644
76645-19,Нет модификации,0055230009,2024-05-10T00:00:00Z,С-В/11-05-2023/246704692,Пригодно,ДВН-02,Датчики направления ветра,2023,"ФГУП ""ВНИИМ ИМ. Д.И.МЕНДЕЛЕЕВА""",True,1-246704692,2023-05-11T00:00:00Z,1774858545938825218
76645-19,Нет модификации,0055230008,2024-05-10T00:00:00Z,С-В/11-05-2023/246704693,Пригодно,ДВН-02,Датчики направления ветра,2023,"ФГУП ""ВНИИМ ИМ. Д.И.МЕНДЕЛЕЕВА""",True,1-246704693,2023-05-11T00:00:00Z,1774858545938825222
76645-19,Нет модификации,0055230007,2024-05-10T00:00:00Z,С-В/11-05-2023/246704694,Пригодно,ДВН-02,Датчики направления ветра,2023,"ФГУП ""ВНИИМ ИМ. Д.И.МЕНДЕЛЕЕВА""",True,1-246704694,2023-05-11T00:00:00Z,1774948640145539080
76645-19,Нет модификации,0055230006,2024-05-10T00:00:00Z,С-В/11-05-2023/246704695,Пригодно,ДВН-02,Датчики направления ветра,2023,"ФГУП ""ВНИИМ ИМ. Д.И.МЕНДЕЛЕЕВА""",True,1-246704695,2023-05-11T00:00:00Z,1774948640145539082
76645-19,Нет модификации,0055230005,2024-05-10T00:00:00Z,С-В/11-05-2023/246704696,Пригодно,ДВН-02,Датчики направления ветра,2023,"ФГУП ""ВНИИМ ИМ. Д.И.МЕНДЕЛЕЕВА""",True,1-246704696,2023-05-11T00:00:00Z,1774948640145539085
76645-19,Нет модификации,0055230004,2024-05-10T00:00:00Z,С-В/11-05-2023/246704697,Пригодно,ДВН-02,Датчики направления ветра,2023,"ФГУП ""ВНИИМ ИМ. Д.И.МЕНДЕЛЕЕВА""",True,1-246704697,2023-05-11T00:00:00Z,1774948640145539088
76645-19,Нет модификации,0055230003,2024-05-10T00:00:00Z,С-В/11-05-2023/246704698,Пригодно,ДВН-02,Датчики направления ветра,2023,"ФГУП ""ВНИИМ ИМ. Д.И.МЕНДЕЛЕЕВА""",True,1-246704698,2023-05-11T00:00:00Z,1774948640146587648
76645-19,Нет модификации,0055230002,2024-05-10T00:00:00Z,С-В/11-05-2023/246704699,Пригодно,ДВН-02,Датчики направления ветра,2023,"ФГУП ""ВНИИМ ИМ. Д.И.МЕНДЕЛЕЕВА""",True,1-246704699,2023-05-11T00:00:00Z,1774948640146587652
76645-19,Нет модификации,0055230001,2024-05-10T00:00:00Z,С-В/11-05-2023/246704700,Пригодно,ДВН-02,Датчики направления ветра,2023,"ФГУП ""ВНИИМ ИМ. Д.И.МЕНДЕЛЕЕВА""",True,1-246704700,2023-05-11T00:00:00Z,1774948640146587654
76645-19,Нет модификации,0097220006,2024-02-02T00:00:00Z,С-В/03-02-2023/226574453,Пригодно,ДВН-02,Датчики направления ветра,2023,"ФГУП ""ВНИИМ ИМ. Д.И.МЕНДЕЛЕЕВА""",True,1-226574453,2023-02-03T00:00:00Z,1774952730982350854
