mi.mitnumber,mi.modification,mi.number,valid_date,result_docnum,result_text,mi.mitype,mi.mititle,verification_year,org_title,applicability,vri_id,verification_date,_version_,sticker_num
67734-17,Нет модификации,0021210181,2024-12-25T00:00:00Z,И-ДФН/26-12-2023/305002591,Непригодно,ДО-02-02,Датчики осадков,2023,"ООО ""СТАНДАРТ-12""",False,1-305002591,2023-12-26T00:00:00Z,1786528218443939840,
67734-17,Нет модификации,0021210305,2024-12-25T00:00:00Z,С-ДФН/26-12-2023/305002592,Пригодно,ДО-02-02,Датчики осадков,2023,"ООО ""СТАНДАРТ-12""",True,1-305002592,2023-12-26T00:00:00Z,1786528218505805824,
67734-17,Нет модификации,0021190476,2024-12-25T00:00:00Z,С-ДФН/26-12-2023/305002593,Пригодно,ДО-02-02,Датчики осадков,2023,"ООО ""СТАНДАРТ-12""",True,1-305002593,2023-12-26T00:00:00Z,1786528218510000128,
67734-17,Нет модификации,0021200030,2024-12-24T00:00:00Z,С-ДФН/25-12-2023/305002594,Пригодно,ДО-02-02,Датчики осадков,2023,"ООО ""СТАНДАРТ-12""",True,1-305002594,2023-12-25T00:00:00Z,1786528218498465792,
67734-17,Нет модификации,0021190402,2024-12-24T00:00:00Z,С-ДФН/25-12-2023/305002595,Пригодно,ДО-02-02,Датчики осадков,2023,"ООО ""СТАНДАРТ-12""",True,1-305002595,2023-12-25T00:00:00Z,1786528218502660096,
67734-17,Нет модификации,0021190040,2024-12-24T00:00:00Z,С-ДФН/25-12-2023/308581425,Пригодно,ДО-02-02,Датчики осадков,2023,"ООО ""СТАНДАРТ-12""",True,1-308581425,2023-12-25T00:00:00Z,1788249223398948864,
67734-17,Нет модификации,0021220062,2024-12-24T00:00:00Z,С-ДФН/25-12-2023/308581424,Пригодно,ДО-02-02,Датчики осадков,2023,"ООО ""СТАНДАРТ-12""",True,1-308581424,2023-12-25T00:00:00Z,1788249223426211840,
67734-17,Нет модификации,0021220062,2024-12-17T00:00:00Z,С-ДФН/18-12-2023/303456016,Пригодно,ДО-02-02,Датчики осадков,2023,"ООО ""СТАНДАРТ-12""",True,1-303456016,2023-12-18T00:00:00Z,1785911688656060416,
67734-17,Нет модификации,0021230019,2024-12-14T00:00:00Z,С-ДФН/15-12-2023/303456017,Пригодно,ДО-02-02,Датчики осадков,2023,"ООО ""СТАНДАРТ-12""",True,1-303456017,2023-12-15T00:00:00Z,1785911688648720384,
67734-17,Нет модификации,0021230024,2024-12-14T00:00:00Z,С-ДФН/15-12-2023/303456019,Пригодно,ДО-02-02,Датчики осадков,2023,"ООО ""СТАНДАРТ-12""",True,1-303456019,2023-12-15T00:00:00Z,1785911688663400448,
67734-17,Нет модификации,0021230012,2024-12-14T00:00:00Z,С-ДФН/15-12-2023/303456018,Пригодно,ДО-02-02,Датчики осадков,2023,"ООО ""СТАНДАРТ-12""",True,1-303456018,2023-12-15T00:00:00Z,1785911688670740480,
67734-17,Нет модификации,0021230025,2024-12-13T00:00:00Z,С-ДФН/14-12-2023/303456020,Пригодно,ДО-02-02,Датчики осадков,2023,"ООО ""СТАНДАРТ-12""",True,1-303456020,2023-12-14T00:00:00Z,1785911688866824192,
67734-17,Нет модификации,0021230020,2024-12-13T00:00:00Z,С-ДФН/14-12-2023/303456021,Пригодно,ДО-02-02,Датчики осадков,2023,"ООО ""СТАНДАРТ-12""",True,1-303456021,2023-12-14T00:00:00Z,1785911688890941440,
86809-22,Нет модификации,0084230130,2024-12-05T00:00:00Z,С-ДФН/06-12-2023/304835207,Пригодно,ДО-04,Датчики осадков,2023,"ООО ""СТАНДАРТ-12""",True,1-304835207,2023-12-06T00:00:00Z,1786453450126524416,
86809-22,Нет модификации,0084230139,2024-12-05T00:00:00Z,С-ДФН/06-12-2023/304835206,Пригодно,ДО-04,Датчики осадков,2023,"ООО ""СТАНДАРТ-12""",True,1-304835206,2023-12-06T00:00:00Z,1786453450151690240,
86809-22,Нет модификации,0084230140,2024-12-04T00:00:00Z,С-ДФН/05-12-2023/304835208,Пригодно,ДО-04,Датчики осадков,2023,"ООО ""СТАНДАРТ-12""",True,1-304835208,2023-12-05T00:00:00Z,1786453450134913024,
86809-22,Нет модификации,0084230141,2024-12-04T00:00:00Z,С-ДФН/05-12-2023/304835209,Пригодно,ДО-04,Датчики осадков,2023,"ООО ""СТАНДАРТ-12""",True,1-304835209,2023-12-05T00:00:00Z,1786453450170564608,
86809-22,Нет модификации,0084230138,2024-12-04T00:00:00Z,С-ДФН/05-12-2023/304835210,Пригодно,ДО-04,Датчики осадков,2023,"ООО ""СТАНДАРТ-12""",True,1-304835210,2023-12-05T00:00:00Z,1786453451177197568,
86809-22,Нет модификации,0084230123,2024-11-30T00:00:00Z,С-ДФН/01-12-2023/304835211,Пригодно,ДО-04,Датчики осадков,2023,"ООО ""СТАНДАРТ-12""",True,1-304835211,2023-12-01T00:00:00Z,1786453451181391872,
86809-22,Нет модификации,0084230134,2024-11-30T00:00:00Z,С-ДФН/01-12-2023/304835212,Пригодно,ДО-04,Датчики осадков,2023,"ООО ""СТАНДАРТ-12""",True,1-304835212,2023-12-01T00:00:00Z,1786453451193974784,
86809-22,Нет модификации,0084230131,2024-11-29T00:00:00Z,С-ДФН/30-11-2023/300790958,Пригодно,ДО-04,Датчики осадков,2023,"ООО ""СТАНДАРТ-12""",True,1-300790958,2023-11-30T00:00:00Z,1784990411651022848,
67734-17,Нет модификации,0021220037,2024-11-29T00:00:00Z,С-В/30-11-2023/301567210,Пригодно,ДО-02-02,Датчики осадков,2023,"ФГУП ""ВНИИМ ИМ. Д.И.МЕНДЕЛЕЕВА""",True,1-301567210,2023-11-30T00:00:00Z,1785189953655799808,
67734-17,Нет модификации,0021220042,2024-11-29T00:00:00Z,С-В/30-11-2023/301567209,Пригодно,ДО-02-02,Датчики осадков,2023,"ФГУП ""ВНИИМ ИМ. Д.И.МЕНДЕЛЕЕВА""",True,1-301567209,2023-11-30T00:00:00Z,1785189953895923712,
67734-17,Нет модификации,0021220238,2024-11-29T00:00:00Z,С-В/30-11-2023/301567221,Пригодно,ДО-02-02,Датчики осадков,2023,"ФГУП ""ВНИИМ ИМ. Д.И.МЕНДЕЛЕЕВА""",True,1-301567221,2023-11-30T00:00:00Z,1785189954101444608,
86809-22,Нет модификации,0084230126,2024-11-28T00:00:00Z,С-ДФН/29-11-2023/300790961,Пригодно,ДО-04,Датчики осадков,2023,"ООО ""СТАНДАРТ-12""",True,1-300790961,2023-11-29T00:00:00Z,1784990411640537088,
86809-22,Нет модификации,0084230128,2024-11-28T00:00:00Z,С-ДФН/29-11-2023/300790964,Пригодно,ДО-04,Датчики осадков,2023,"ООО ""СТАНДАРТ-12""",True,1-300790964,2023-11-29T00:00:00Z,1784990412399706112,
86809-22,Нет модификации,0084230124,2024-11-27T00:00:00Z,С-ДФН/28-11-2023/300790969,Пригодно,ДО-04,Датчики осадков,2023,"ООО ""СТАНДАРТ-12""",True,1-300790969,2023-11-28T00:00:00Z,1784990412382928896,
86809-22,Нет модификации,0084230135,2024-11-27T00:00:00Z,С-ДФН/28-11-2023/300790966,Пригодно,ДО-04,Датчики осадков,2023,"ООО ""СТАНДАРТ-12""",True,1-300790966,2023-11-28T00:00:00Z,1784990412392366080,
86809-22,Нет модификации,0084230143,2024-11-26T00:00:00Z,С-ДФН/27-11-2023/300790973,Пригодно,ДО-04,Датчики осадков,2023,"ООО ""СТАНДАРТ-12""",True,1-300790973,2023-11-27T00:00:00Z,1784990412358811648,
86809-22,Нет модификации,0084230125,2024-11-26T00:00:00Z,С-ДФН/27-11-2023/300790971,Пригодно,ДО-04,Датчики осадков,2023,"ООО ""СТАНДАРТ-12""",True,1-300790971,2023-11-27T00:00:00Z,1784990412372443136,
67734-17,Нет модификации,0021220246,2024-11-26T00:00:00Z,С-В/27-11-2023/301567276,Пригодно,ДО-02-02,Датчики осадков,2023,"ФГУП ""ВНИИМ ИМ. Д.И.МЕНДЕЛЕЕВА""",True,1-301567276,2023-11-27T00:00:00Z,1785189953529970688,
86809-22,Нет модификации,0084230127,2024-11-23T00:00:00Z,С-ДФН/24-11-2023/300790976,Пригодно,ДО-04,Датчики осадков,2023,"ООО ""СТАНДАРТ-12""",True,1-300790976,2023-11-24T00:00:00Z,1784990412284362752,
86809-22,Нет модификации,0084230142,2024-11-23T00:00:00Z,С-ДФН/24-11-2023/300790974,Пригодно,ДО-04,Датчики осадков,2023,"ООО ""СТАНДАРТ-12""",True,1-300790974,2023-11-24T00:00:00Z,1784990412352520192,
67734-17,Нет модификации,0021220099,2024-11-23T00:00:00Z,С-В/24-11-2023/301567290,Пригодно,ДО-02-02,Датчики осадков,2023,"ФГУП ""ВНИИМ ИМ. Д.И.МЕНДЕЛЕЕВА""",True,1-301567290,2023-11-24T00:00:00Z,1785189954363588608,
67734-17,Нет модификации,0021220116,2024-11-23T00:00:00Z,С-В/24-11-2023/301567291,Пригодно,ДО-02-02,Датчики осадков,2023,"ФГУП ""ВНИИМ ИМ. Д.И.МЕНДЕЛЕЕВА""",True,1-301567291,2023-11-24T00:00:00Z,1785189954367782912,
67734-17,Нет модификации,0021220118,2024-11-21T00:00:00Z,С-В/22-11-2023/301567316,Пригодно,ДО-02-02,Датчики осадков,2023,"ФГУП ""ВНИИМ ИМ. Д.И.МЕНДЕЛЕЕВА""",True,1-301567316,2023-11-22T00:00:00Z,1785189955543236608,
67734-17,Нет модификации,0021220038,2024-11-21T00:00:00Z,С-В/22-11-2023/301567317,Пригодно,ДО-02-02,Датчики осадков,2023,"ФГУП ""ВНИИМ ИМ. Д.И.МЕНДЕЛЕЕВА""",True,1-301567317,2023-11-22T00:00:00Z,1785189955553722368,
67734-17,Нет модификации,0021220245,2024-11-20T00:00:00Z,С-В/21-11-2023/301567334,Пригодно,ДО-02-02,Датчики осадков,2023,"ФГУП ""ВНИИМ ИМ. Д.И.МЕНДЕЛЕЕВА""",True,1-301567334,2023-11-21T00:00:00Z,1785189956449206272,
86809-22,Нет модификации,0084230119,2024-11-19T00:00:00Z,С-ДФН/20-11-2023/300790978,Пригодно,ДО-04,Датчики осадков,2023,"ООО ""СТАНДАРТ-12""",True,1-300790978,2023-11-20T00:00:00Z,1784990412277022720,
86809-22,Нет модификации,0084230122,2024-11-19T00:00:00Z,С-ДФН/20-11-2023/300790977,Пригодно,ДО-04,Датчики осадков,2023,"ООО ""СТАНДАРТ-12""",True,1-300790977,2023-11-20T00:00:00Z,1784990412280168448,
86809-22,Нет модификации,0084230116,2024-11-16T00:00:00Z,С-ДФН/17-11-2023/300790981,Пригодно,ДО-04,Датчики осадков,2023,"ООО ""СТАНДАРТ-12""",True,1-300790981,2023-11-17T00:00:00Z,1784990412266536960,
86809-22,Нет модификации,0084230112,2024-11-16T00:00:00Z,С-ДФН/17-11-2023/300790979,Пригодно,ДО-04,Датчики осадков,2023,"ООО ""СТАНДАРТ-12""",True,1-300790979,2023-11-17T00:00:00Z,1784990412273876992,
86809-22,Нет модификации,0084230118,2024-11-15T00:00:00Z,С-ДФН/16-11-2023/300790987,Пригодно,ДО-04,Датчики осадков,2023,"ООО ""СТАНДАРТ-12""",True,1-300790987,2023-11-16T00:00:00Z,1784990412150145024,
86809-22,Нет модификации,0084230115,2024-11-15T00:00:00Z,С-ДФН/16-11-2023/300790983,Пригодно,ДО-04,Датчики осадков,2023,"ООО ""СТАНДАРТ-12""",True,1-300790983,2023-11-16T00:00:00Z,1784990412257099776,
86809-22,Нет модификации,0084230117,2024-11-14T00:00:00Z,С-ДФН/15-11-2023/300790990,Пригодно,ДО-04,Датчики осадков,2023,"ООО ""СТАНДАРТ-12""",True,1-300790990,2023-11-15T00:00:00Z,1784990412139659264,
86809-22,Нет модификации,0084230121,2024-11-14T00:00:00Z,С-ДФН/15-11-2023/300790767,Пригодно,ДО-04,Датчики осадков,2023,"ООО ""СТАНДАРТ-12""",True,1-300790767,2023-11-15T00:00:00Z,1784990421156364288,
86809-22,Нет модификации,0084230109,2024-11-14T00:00:00Z,С-ДФН/15-11-2023/304064058,Пригодно,ДО-04,Датчики осадков,2023,"ООО ""СТАНДАРТ-12""",True,1-304064058,2023-11-15T00:00:00Z,1786257357447102464,
86809-22,Нет модификации,0084230108,2024-11-13T00:00:00Z,С-ДФН/14-11-2023/300790769,Пригодно,ДО-04,Датчики осадков,2023,"ООО ""СТАНДАРТ-12""",True,1-300790769,2023-11-14T00:00:00Z,1784990421142732800,
86809-22,Нет модификации,0084230120,2024-11-13T00:00:00Z,С-ДФН/14-11-2023/300790768,Пригодно,ДО-04,Датчики осадков,2023,"ООО ""СТАНДАРТ-12""",True,1-300790768,2023-11-14T00:00:00Z,1784990421150072832,
86809-22,Нет модификации,0084230111,2024-11-13T00:00:00Z,С-ДФН/14-11-2023/304064059,Пригодно,ДО-04,Датчики осадков,2023,"ООО ""СТАНДАРТ-12""",True,1-304064059,2023-11-14T00:00:00Z,1786257357443956736,
86809-22,Нет модификации,0084230110,2024-11-12T00:00:00Z,С-ДФН/13-11-2023/300790771,Пригодно,ДО-04,Датчики осадков,2023,"ООО ""СТАНДАРТ-12""",True,1-300790771,2023-11-13T00:00:00Z,1784990421119664128,
86809-22,Нет модификации,0084230114,2024-11-12T00:00:00Z,С-ДФН/13-11-2023/300790770,Пригодно,ДО-04,Датчики осадков,2023,"ООО ""СТАНДАРТ-12""",True,1-300790770,2023-11-13T00:00:00Z,1784990421127004160,
86809-22,Нет модификации,0084230106,2024-11-12T00:00:00Z,С-ДФН/13-11-2023/304064061,Пригодно,ДО-04,Датчики осадков,2023,"ООО ""СТАНДАРТ-12""",True,1-304064061,2023-11-13T00:00:00Z,1786257357411450880,
67734-17,Нет модификации,0021220131,2024-11-02T00:00:00Z,С-В/03-11-2023/293576168,Пригодно,ДО-02-02,Датчики осадков,2023,"ФГУП ""ВНИИМ ИМ. Д.И.МЕНДЕЛЕЕВА""",True,1-293576168,2023-11-03T00:00:00Z,1782187784931377152,
67734-17,Нет модификации,0021220240,2024-11-01T00:00:00Z,С-В/02-11-2023/293576214,Пригодно,ДО-02-02,Датчики осадков,2023,"ФГУП ""ВНИИМ ИМ. Д.И.МЕНДЕЛЕЕВА""",True,1-293576214,2023-11-02T00:00:00Z,1782187781907283968,
67734-17,Нет модификации,0021220041,2024-11-01T00:00:00Z,С-В/02-11-2023/293576216,Пригодно,ДО-02-02,Датчики осадков,2023,"ФГУП ""ВНИИМ ИМ. Д.И.МЕНДЕЛЕЕВА""",True,1-293576216,2023-11-02T00:00:00Z,1782187781914624000,
86809-22,Нет модификации,0084230068,2024-10-30T00:00:00Z,С-ДФН/31-10-2023/300791418,Пригодно,ДО-04,Датчики осадков,2023,"ООО ""СТАНДАРТ-12""",True,1-300791418,2023-10-31T00:00:00Z,1784990472823898112,
86809-22,Нет модификации,0084230071,2024-10-30T00:00:00Z,С-ДФН/31-10-2023/300791417,Пригодно,ДО-04,Датчики осадков,2023,"ООО ""СТАНДАРТ-12""",True,1-300791417,2023-10-31T00:00:00Z,1784990472830189568,
86809-22,Нет модификации,0084230074,2024-10-30T00:00:00Z,С-ДФН/31-10-2023/300791416,Пригодно,ДО-04,Датчики осадков,2023,"ООО ""СТАНДАРТ-12""",True,1-300791416,2023-10-31T00:00:00Z,1784990472836481024,
86809-22,Нет модификации,0084230072,2024-10-30T00:00:00Z,С-ДФН/31-10-2023/300791415,Пригодно,ДО-04,Датчики осадков,2023,"ООО ""СТАНДАРТ-12""",True,1-300791415,2023-10-31T00:00:00Z,1784990472843821056,
86809-22,Нет модификации,0084230073,2024-10-29T00:00:00Z,С-ДФН/30-10-2023/300791422,Пригодно,ДО-04,Датчики осадков,2023,"ООО ""СТАНДАРТ-12""",True,1-300791422,2023-10-30T00:00:00Z,1784990472767275008,
86809-22,Нет модификации,0084230077,2024-10-29T00:00:00Z,С-ДФН/30-10-2023/300791421,Пригодно,ДО-04,Датчики осадков,2023,"ООО ""СТАНДАРТ-12""",True,1-300791421,2023-10-30T00:00:00Z,1784990472778809344,
86809-22,Нет модификации,0084230079,2024-10-29T00:00:00Z,С-ДФН/30-10-2023/300791420,Пригодно,ДО-04,Датчики осадков,2023,"ООО ""СТАНДАРТ-12""",True,1-300791420,2023-10-30T00:00:00Z,1784990472789295104,
86809-22,Нет модификации,0084230070,2024-10-29T00:00:00Z,С-ДФН/30-10-2023/300791419,Пригодно,ДО-04,Датчики осадков,2023,"ООО ""СТАНДАРТ-12""",True,1-300791419,2023-10-30T00:00:00Z,1784990472819703808,
86809-22,Нет модификации,0084230088,2024-10-26T00:00:00Z,С-ДФН/27-10-2023/300791426,Пригодно,ДО-04,Датчики осадков,2023,"ООО ""СТАНДАРТ-12""",True,1-300791426,2023-10-27T00:00:00Z,1784990472691777536,
86809-22,Нет модификации,0084230086,2024-10-26T00:00:00Z,С-ДФН/27-10-2023/300791425,Пригодно,ДО-04,Датчики осадков,2023,"ООО ""СТАНДАРТ-12""",True,1-300791425,2023-10-27T00:00:00Z,1784990472746303488,
86809-22,Нет модификации,0084230090,2024-10-26T00:00:00Z,С-ДФН/27-10-2023/300791424,Пригодно,ДО-04,Датчики осадков,2023,"ООО ""СТАНДАРТ-12""",True,1-300791424,2023-10-27T00:00:00Z,1784990472753643520,
86809-22,Нет модификации,0084230089,2024-10-26T00:00:00Z,С-ДФН/27-10-2023/300791423,Пригодно,ДО-04,Датчики осадков,2023,"ООО ""СТАНДАРТ-12""",True,1-300791423,2023-10-27T00:00:00Z,1784990472760983552,
86809-22,Нет модификации,0084230082,2024-10-25T00:00:00Z,С-ДФН/26-10-2023/300791430,Пригодно,ДО-04,Датчики осадков,2023,"ООО ""СТАНДАРТ-12""",True,1-300791430,2023-10-26T00:00:00Z,1784990472652980224,
86809-22,Нет модификации,0084230084,2024-10-25T00:00:00Z,С-ДФН/26-10-2023/300791429,Пригодно,ДО-04,Датчики осадков,2023,"ООО ""СТАНДАРТ-12""",True,1-300791429,2023-10-26T00:00:00Z,1784990472673951744,
86809-22,Нет модификации,0084230087,2024-10-25T00:00:00Z,С-ДФН/26-10-2023/300791428,Пригодно,ДО-04,Датчики осадков,2023,"ООО ""СТАНДАРТ-12""",True,1-300791428,2023-10-26T00:00:00Z,1784990472678146048,
86809-22,Нет модификации,0084230091,2024-10-25T00:00:00Z,С-ДФН/26-10-2023/300791427,Пригодно,ДО-04,Датчики осадков,2023,"ООО ""СТАНДАРТ-12""",True,1-300791427,2023-10-26T00:00:00Z,1784990472684437504,
86809-22,Нет модификации,0084230081,2024-10-24T00:00:00Z,С-ДФН/25-10-2023/300791434,Пригодно,ДО-04,Датчики осадков,2023,"ООО ""СТАНДАРТ-12""",True,1-300791434,2023-10-25T00:00:00Z,1784990472617328640,
86809-22,Нет модификации,0084230080,2024-10-24T00:00:00Z,С-ДФН/25-10-2023/300791433,Пригодно,ДО-04,Датчики осадков,2023,"ООО ""СТАНДАРТ-12""",True,1-300791433,2023-10-25T00:00:00Z,1784990472623620096,
86809-22,Нет модификации,0084230085,2024-10-24T00:00:00Z,С-ДФН/25-10-2023/300791432,Пригодно,ДО-04,Датчики осадков,2023,"ООО ""СТАНДАРТ-12""",True,1-300791432,2023-10-25T00:00:00Z,1784990472633057280,
86809-22,Нет модификации,0084230083,2024-10-24T00:00:00Z,С-ДФН/25-10-2023/300791431,Пригодно,ДО-04,Датчики осадков,2023,"ООО ""СТАНДАРТ-12""",True,1-300791431,2023-10-25T00:00:00Z,1784990472643543040,
67734-17,Нет модификации,0021220210,2024-10-24T00:00:00Z,С-ДФН/25-10-2023/303456022,Пригодно,ДО-02-02,Датчики осадков,2023,"ООО ""СТАНДАРТ-12""",True,1-303456022,2023-10-25T00:00:00Z,1785911688882552832,
67734-17,Нет модификации,0021220114,2024-10-24T00:00:00Z,С-В/25-10-2023/289782341,Пригодно,ДО-02-02,Датчики осадков,2023,"ФГУП ""ВНИИМ ИМ. Д.И.МЕНДЕЛЕЕВА""",True,1-289782341,2023-10-25T00:00:00Z,1780902396202844160,
67734-17,Нет модификации,0021220030,2024-10-24T00:00:00Z,С-В/25-10-2023/289782340,Пригодно,ДО-02-02,Датчики осадков,2023,"ФГУП ""ВНИИМ ИМ. Д.И.МЕНДЕЛЕЕВА""",True,1-289782340,2023-10-25T00:00:00Z,1780902396210184192,
86809-22,Нет модификации,0084230098,2024-10-23T00:00:00Z,С-ДФН/24-10-2023/293799987,Пригодно,ДО-04,Датчики осадков,2023,"ООО ""СТАНДАРТ-12""",True,1-293799987,2023-10-24T00:00:00Z,1782439001201836032,
86809-22,Нет модификации,0084230096,2024-10-23T00:00:00Z,С-ДФН/24-10-2023/293799988,Пригодно,ДО-04,Датчики осадков,2023,"ООО ""СТАНДАРТ-12""",True,1-293799988,2023-10-24T00:00:00Z,1782439001213370368,
86809-22,Нет модификации,0084230095,2024-10-22T00:00:00Z,С-ДФН/23-10-2023/293799989,Пригодно,ДО-04,Датчики осадков,2023,"ООО ""СТАНДАРТ-12""",True,1-293799989,2023-10-23T00:00:00Z,1782439001223856128,
86809-22,Нет модификации,0084230104,2024-10-22T00:00:00Z,С-ДФН/23-10-2023/293799990,Пригодно,ДО-04,Датчики осадков,2023,"ООО ""СТАНДАРТ-12""",True,1-293799990,2023-10-23T00:00:00Z,1782439001336053760,
86809-22,Нет модификации,0084230101,2024-10-22T00:00:00Z,С-ДФН/23-10-2023/293799991,Пригодно,ДО-04,Датчики осадков,2023,"ООО ""СТАНДАРТ-12""",True,1-293799991,2023-10-23T00:00:00Z,1782439001340248064,
86809-22,Нет модификации,0084230100,2024-10-22T00:00:00Z,С-ДФН/23-10-2023/293799993,Пригодно,ДО-04,Датчики осадков,2023,"ООО ""СТАНДАРТ-12""",True,1-293799993,2023-10-23T00:00:00Z,1782439001346539520,
86809-22,Нет модификации,0084230099,2024-10-19T00:00:00Z,С-ДФН/20-10-2023/293799992,Пригодно,ДО-04,Датчики осадков,2023,"ООО ""СТАНДАРТ-12""",True,1-293799992,2023-10-20T00:00:00Z,1782439001343393792,
86809-22,Нет модификации,0084230102,2024-10-19T00:00:00Z,С-ДФН/20-10-2023/293799994,Пригодно,ДО-04,Датчики осадков,2023,"ООО ""СТАНДАРТ-12""",True,1-293799994,2023-10-20T00:00:00Z,1782439001349685248,
86809-22,Нет модификации,0084230097,2024-10-19T00:00:00Z,С-ДФН/20-10-2023/293799995,Пригодно,ДО-04,Датчики осадков,2023,"ООО ""СТАНДАРТ-12""",True,1-293799995,2023-10-20T00:00:00Z,1782439001353879552,
86809-22,Нет модификации,0084230103,2024-10-19T00:00:00Z,С-ДФН/20-10-2023/293799996,Пригодно,ДО-04,Датчики осадков,2023,"ООО ""СТАНДАРТ-12""",True,1-293799996,2023-10-20T00:00:00Z,1782439001357025280,
67734-17,Нет модификации,0021210187,2024-10-09T00:00:00Z,С-ДФН/10-10-2023/293799964,Пригодно,ДО-02-02,Датчики осадков,2023,"ООО ""СТАНДАРТ-12""",True,1-293799964,2023-10-10T00:00:00Z,1782439000096636928,
67734-17,Нет модификации,0021190469,2024-10-09T00:00:00Z,С-ДФН/10-10-2023/293799965,Пригодно,ДО-02-02,Датчики осадков,2023,"ООО ""СТАНДАРТ-12""",True,1-293799965,2023-10-10T00:00:00Z,1782439000103976960,
67734-17,Нет модификации,0021180067,2024-10-09T00:00:00Z,С-ДФН/10-10-2023/293799966,Пригодно,ДО-02-02,Датчики осадков,2023,"ООО ""СТАНДАРТ-12""",True,1-293799966,2023-10-10T00:00:00Z,1782439000111316992,
67734-17,Нет модификации,0021190052,2024-10-09T00:00:00Z,С-ДФН/10-10-2023/293799967,Пригодно,ДО-02-02,Датчики осадков,2023,"ООО ""СТАНДАРТ-12""",True,1-293799967,2023-10-10T00:00:00Z,1782439000117608448,
67734-17,Нет модификации,0021210019,2024-10-09T00:00:00Z,С-ДФН/10-10-2023/293799963,Пригодно,ДО-02-02,Датчики осадков,2023,"ООО ""СТАНДАРТ-12""",True,1-293799963,2023-10-10T00:00:00Z,1782439000177377280,
67734-17,Нет модификации,0021190085,2024-10-08T00:00:00Z,С-ДФН/09-10-2023/293799968,Пригодно,ДО-02-02,Датчики осадков,2023,"ООО ""СТАНДАРТ-12""",True,1-293799968,2023-10-09T00:00:00Z,1782439000124948480,
67734-17,Нет модификации,0021190063,2024-10-08T00:00:00Z,С-ДФН/09-10-2023/293799997,Пригодно,ДО-02-02,Датчики осадков,2023,"ООО ""СТАНДАРТ-12""",True,1-293799997,2023-10-09T00:00:00Z,1782439001318227968,
67734-17,Нет модификации,0021190098,2024-10-08T00:00:00Z,С-ДФН/09-10-2023/293799998,Пригодно,ДО-02-02,Датчики осадков,2023,"ООО ""СТАНДАРТ-12""",True,1-293799998,2023-10-09T00:00:00Z,1782439001325568000,
67734-17,Нет модификации,0021190096,2024-10-08T00:00:00Z,С-ДФН/09-10-2023/293799999,Пригодно,ДО-02-02,Датчики осадков,2023,"ООО ""СТАНДАРТ-12""",True,1-293799999,2023-10-09T00:00:00Z,1782439001332908032,
67734-17,Нет модификации,0021220032,2024-08-31T00:00:00Z,С-ДФН/01-09-2023/285061255,Пригодно,ДО-02-02,Датчики осадков,2023,"ООО ""СТАНДАРТ-12""",True,1-285061255,2023-09-01T00:00:00Z,1779288705677131776,
67734-17,Нет модификации,0021210114,2024-08-31T00:00:00Z,С-ДФН/01-09-2023/285061254,Пригодно,ДО-02-02,Датчики осадков,2023,"ООО ""СТАНДАРТ-12""",True,1-285061254,2023-09-01T00:00:00Z,1779288705687617536,
67734-17,Нет модификации,0021210123,2024-08-31T00:00:00Z,С-ДФН/01-09-2023/285061306,Пригодно,ДО-02-02,Датчики осадков,2023,"ООО ""СТАНДАРТ-12""",True,1-285061306,2023-09-01T00:00:00Z,1779288708105633792,
67734-17,Нет модификации,0021210344,2024-08-31T00:00:00Z,С-ДФН/01-09-2023/285061305,Пригодно,ДО-02-02,Датчики осадков,2023,"ООО ""СТАНДАРТ-12""",True,1-285061305,2023-09-01T00:00:00Z,1779288708114022400,
67734-17,Нет модификации,0021220064,2024-08-30T00:00:00Z,С-ДФН/31-08-2023/285061259,Пригодно,ДО-02-02,Датчики осадков,2023,"ООО ""СТАНДАРТ-12""",True,1-285061259,2023-08-31T00:00:00Z,1779288705633091584,
67734-17,Нет модификации,0021220068,2024-08-30T00:00:00Z,С-ДФН/31-08-2023/285061258,Пригодно,ДО-02-02,Датчики осадков,2023,"ООО ""СТАНДАРТ-12""",True,1-285061258,2023-08-31T00:00:00Z,1779288705644625920,
67734-17,Нет модификации,0021220048,2024-08-30T00:00:00Z,С-ДФН/31-08-2023/285061256,Пригодно,ДО-02-02,Датчики осадков,2023,"ООО ""СТАНДАРТ-12""",True,1-285061256,2023-08-31T00:00:00Z,1779288705665597440,
67734-17,Нет модификации,0021190119,2024-08-29T00:00:00Z,С-ДФН/30-08-2023/285061299,Пригодно,ДО-02-02,Датчики осадков,2023,"ООО ""СТАНДАРТ-12""",True,1-285061299,2023-08-30T00:00:00Z,1779288706404843520,
67734-17,Нет модификации,0021190083,2024-08-29T00:00:00Z,С-ДФН/30-08-2023/285061303,Пригодно,ДО-02-02,Датчики осадков,2023,"ООО ""СТАНДАРТ-12""",True,1-285061303,2023-08-30T00:00:00Z,1779288707365339136,
67734-17,Нет модификации,0021190095,2024-08-29T00:00:00Z,С-ДФН/30-08-2023/285061301,Пригодно,ДО-02-02,Датчики осадков,2023,"ООО ""СТАНДАРТ-12""",True,1-285061301,2023-08-30T00:00:00Z,1779288707372679168,
67734-17,Нет модификации,0021230005,2024-08-28T00:00:00Z,С-ДФН/29-08-2023/285061263,Пригодно,ДО-02-02,Датчики осадков,2023,"ООО ""СТАНДАРТ-12""",True,1-285061263,2023-08-29T00:00:00Z,1779288705862729728,
67734-17,Нет модификации,0021230002,2024-08-28T00:00:00Z,С-ДФН/29-08-2023/285061262,Пригодно,ДО-02-02,Датчики осадков,2023,"ООО ""СТАНДАРТ-12""",True,1-285061262,2023-08-29T00:00:00Z,1779288705866924032,
67734-17,Нет модификации,0021230016,2024-08-28T00:00:00Z,С-ДФН/29-08-2023/285061260,Пригодно,ДО-02-02,Датчики осадков,2023,"ООО ""СТАНДАРТ-12""",True,1-285061260,2023-08-29T00:00:00Z,1779288705888944128,
67734-17,Нет модификации,0021230023,2024-08-27T00:00:00Z,С-ДФН/28-08-2023/285061267,Пригодно,ДО-02-02,Датчики осадков,2023,"ООО ""СТАНДАРТ-12""",True,1-285061267,2023-08-28T00:00:00Z,1779288705822883840,
67734-17,Нет модификации,0021230021,2024-08-27T00:00:00Z,С-ДФН/28-08-2023/285061266,Пригодно,ДО-02-02,Датчики осадков,2023,"ООО ""СТАНДАРТ-12""",True,1-285061266,2023-08-28T00:00:00Z,1779288705833369600,
67734-17,Нет модификации,0021230013,2024-08-27T00:00:00Z,С-ДФН/28-08-2023/285061264,Пригодно,ДО-02-02,Датчики осадков,2023,"ООО ""СТАНДАРТ-12""",True,1-285061264,2023-08-28T00:00:00Z,1779288705855389696,
67734-17,Нет модификации,0021230009,2024-08-24T00:00:00Z,С-ДФН/25-08-2023/285061268,Пригодно,ДО-02-02,Датчики осадков,2023,"ООО ""СТАНДАРТ-12""",True,1-285061268,2023-08-25T00:00:00Z,1779288705812398080,
67734-17,Нет модификации,0021230022,2024-08-24T00:00:00Z,С-ДФН/25-08-2023/285061271,Пригодно,ДО-02-02,Датчики осадков,2023,"ООО ""СТАНДАРТ-12""",True,1-285061271,2023-08-25T00:00:00Z,1779288706912354304,
67734-17,Нет модификации,0021230001,2024-08-24T00:00:00Z,С-ДФН/25-08-2023/285061270,Пригодно,ДО-02-02,Датчики осадков,2023,"ООО ""СТАНДАРТ-12""",True,1-285061270,2023-08-25T00:00:00Z,1779288706922840064,
67734-17,Нет модификации,0021220073,2024-08-24T00:00:00Z,С-ДФН/25-08-2023/285973936,Пригодно,ДО-02-02,Датчики осадков,2023,"ООО ""СТАНДАРТ-12""",True,1-285973936,2023-08-25T00:00:00Z,1779546056538718208,
67734-17,Нет модификации,0021230008,2024-08-23T00:00:00Z,С-ДФН/24-08-2023/285061274,Пригодно,ДО-02-02,Датчики осадков,2023,"ООО ""СТАНДАРТ-12""",True,1-285061274,2023-08-24T00:00:00Z,1779288706871459840,
67734-17,Нет модификации,0021230003,2024-08-23T00:00:00Z,С-ДФН/24-08-2023/285061273,Пригодно,ДО-02-02,Датчики осадков,2023,"ООО ""СТАНДАРТ-12""",True,1-285061273,2023-08-24T00:00:00Z,1779288706881945600,
67734-17,Нет модификации,0021230004,2024-08-23T00:00:00Z,С-ДФН/24-08-2023/285061272,Пригодно,ДО-02-02,Датчики осадков,2023,"ООО ""СТАНДАРТ-12""",True,1-285061272,2023-08-24T00:00:00Z,1779288706897674240,
67734-17,Нет модификации,0021230006,2024-07-30T00:00:00Z,С-ДФН/31-07-2023/271523643,Пригодно,ДО-02-02,Датчики осадков,2023,"ООО ""СТАНДАРТ-12""",True,1-271523643,2023-07-31T00:00:00Z,1774960681804627972,
67734-17,Нет модификации,0021230018,2024-07-30T00:00:00Z,С-ДФН/31-07-2023/271523644,Пригодно,ДО-02-02,Датчики осадков,2023,"ООО ""СТАНДАРТ-12""",True,1-271523644,2023-07-31T00:00:00Z,1774960681804627973,
67734-17,Нет модификации,0021220201,2024-07-30T00:00:00Z,С-ДФН/31-07-2023/271523645,Пригодно,ДО-02-02,Датчики осадков,2023,"ООО ""СТАНДАРТ-12""",True,1-271523645,2023-07-31T00:00:00Z,1774960681804627974,
67734-17,Нет модификации,0021220207,2024-07-30T00:00:00Z,С-ДФН/31-07-2023/271523646,Пригодно,ДО-02-02,Датчики осадков,2023,"ООО ""СТАНДАРТ-12""",True,1-271523646,2023-07-31T00:00:00Z,1774960681804627975,
67734-17,Нет модификации,0021220200,2024-07-30T00:00:00Z,С-ДФН/31-07-2023/271523647,Пригодно,ДО-02-02,Датчики осадков,2023,"ООО ""СТАНДАРТ-12""",True,1-271523647,2023-07-31T00:00:00Z,1774960681804627976,
67734-17,Нет модификации,0021230017,2024-07-30T00:00:00Z,С-ДФН/31-07-2023/271523648,Пригодно,ДО-02-02,Датчики осадков,2023,"ООО ""СТАНДАРТ-12""",True,1-271523648,2023-07-31T00:00:00Z,1774960681804627977,
67734-17,Нет модификации,0021230011,2024-07-27T00:00:00Z,С-ДФН/28-07-2023/271523618,Пригодно,ДО-02-02,Датчики осадков,2023,"ООО ""СТАНДАРТ-12""",True,1-271523618,2023-07-28T00:00:00Z,1774960681802530824,
67734-17,Нет модификации,0021230010,2024-07-27T00:00:00Z,С-ДФН/28-07-2023/271523619,Пригодно,ДО-02-02,Датчики осадков,2023,"ООО ""СТАНДАРТ-12""",True,1-271523619,2023-07-28T00:00:00Z,1774960681802530825,
67734-17,Нет модификации,0021220215,2024-07-27T00:00:00Z,С-ДФН/28-07-2023/271523620,Пригодно,ДО-02-02,Датчики осадков,2023,"ООО ""СТАНДАРТ-12""",True,1-271523620,2023-07-28T00:00:00Z,1774960681802530826,
67734-17,Нет модификации,0021220212,2024-07-27T00:00:00Z,С-ДФН/28-07-2023/271523621,Пригодно,ДО-02-02,Датчики осадков,2023,"ООО ""СТАНДАРТ-12""",True,1-271523621,2023-07-28T00:00:00Z,1774960681802530827,
67734-17,Нет модификации,0021220211,2024-07-27T00:00:00Z,С-ДФН/28-07-2023/271523622,Пригодно,ДО-02-02,Датчики осадков,2023,"ООО ""СТАНДАРТ-12""",True,1-271523622,2023-07-28T00:00:00Z,1774960681802530828,
67734-17,Нет модификации,0021220209,2024-07-27T00:00:00Z,С-ДФН/28-07-2023/271523623,Пригодно,ДО-02-02,Датчики осадков,2023,"ООО ""СТАНДАРТ-12""",True,1-271523623,2023-07-28T00:00:00Z,1774960681803579392,
67734-17,Нет модификации,0021220206,2024-07-27T00:00:00Z,С-ДФН/28-07-2023/271523624,Пригодно,ДО-02-02,Датчики осадков,2023,"ООО ""СТАНДАРТ-12""",True,1-271523624,2023-07-28T00:00:00Z,1774960681803579393,
67734-17,Нет модификации,0021220191,2024-07-27T00:00:00Z,С-ДФН/28-07-2023/271523625,Пригодно,ДО-02-02,Датчики осадков,2023,"ООО ""СТАНДАРТ-12""",True,1-271523625,2023-07-28T00:00:00Z,1774960681803579394,
67734-17,Нет модификации,0021230007,2024-07-27T00:00:00Z,С-ДФН/28-07-2023/271523626,Пригодно,ДО-02-02,Датчики осадков,2023,"ООО ""СТАНДАРТ-12""",True,1-271523626,2023-07-28T00:00:00Z,1774960681803579395,
67734-17,Нет модификации,0021220248,2024-07-25T00:00:00Z,С-ДФН/26-07-2023/272765050,Пригодно,ДО-02-02,Датчики осадков,2023,"ООО ""СТАНДАРТ-12""",True,1-272765050,2023-07-26T00:00:00Z,1775130504305049600,
86809-22,Нет модификации,0084230067,2024-07-19T00:00:00Z,С-ДФН/20-07-2023/271521599,Пригодно,ДО-04,Датчики осадков,2023,"ООО ""СТАНДАРТ-12""",True,1-271521599,2023-07-20T00:00:00Z,1774961434580484105,
86809-22,Нет модификации,0084230066,2024-07-19T00:00:00Z,С-ДФН/20-07-2023/271521600,Пригодно,ДО-04,Датчики осадков,2023,"ООО ""СТАНДАРТ-12""",True,1-271521600,2023-07-20T00:00:00Z,1774961434580484106,
86809-22,Нет модификации,0084230065,2024-07-19T00:00:00Z,С-ДФН/20-07-2023/271521601,Пригодно,ДО-04,Датчики осадков,2023,"ООО ""СТАНДАРТ-12""",True,1-271521601,2023-07-20T00:00:00Z,1774961434580484107,
86809-22,Нет модификации,0084230064,2024-07-19T00:00:00Z,С-ДФН/20-07-2023/271521602,Пригодно,ДО-04,Датчики осадков,2023,"ООО ""СТАНДАРТ-12""",True,1-271521602,2023-07-20T00:00:00Z,1774961434580484110,
86809-22,Нет модификации,0084230063,2024-07-19T00:00:00Z,С-ДФН/20-07-2023/271521603,Пригодно,ДО-04,Датчики осадков,2023,"ООО ""СТАНДАРТ-12""",True,1-271521603,2023-07-20T00:00:00Z,1774961434580484112,
86809-22,Нет модификации,0084230062,2024-07-19T00:00:00Z,С-ДФН/20-07-2023/271521604,Пригодно,ДО-04,Датчики осадков,2023,"ООО ""СТАНДАРТ-12""",True,1-271521604,2023-07-20T00:00:00Z,1774961434581532672,
86809-22,Нет модификации,0084230061,2024-07-19T00:00:00Z,С-ДФН/20-07-2023/271521605,Пригодно,ДО-04,Датчики осадков,2023,"ООО ""СТАНДАРТ-12""",True,1-271521605,2023-07-20T00:00:00Z,1774961434581532675,
67734-17,Нет модификации,0021200008,2024-07-19T00:00:00Z,С-В/20-07-2023/265057547,Пригодно,ДО-02-02,Датчики осадков,2023,"ФГУП ""ВНИИМ ИМ. Д.И.МЕНДЕЛЕЕВА""",True,1-265057547,2023-07-20T00:00:00Z,1774960566434005000,
67734-17,Нет модификации,0021200017,2024-07-19T00:00:00Z,С-В/20-07-2023/265057548,Пригодно,ДО-02-02,Датчики осадков,2023,"ФГУП ""ВНИИМ ИМ. Д.И.МЕНДЕЛЕЕВА""",True,1-265057548,2023-07-20T00:00:00Z,1774960566434005001,
67734-17,Нет модификации,0021200249,2024-07-19T00:00:00Z,С-В/20-07-2023/265057549,Пригодно,ДО-02-02,Датчики осадков,2023,"ФГУП ""ВНИИМ ИМ. Д.И.МЕНДЕЛЕЕВА""",True,1-265057549,2023-07-20T00:00:00Z,1774960566434005003,
67734-17,Нет модификации,0021220053,2024-07-19T00:00:00Z,С-В/20-07-2023/265057550,Пригодно,ДО-02-02,Датчики осадков,2023,"ФГУП ""ВНИИМ ИМ. Д.И.МЕНДЕЛЕЕВА""",True,1-265057550,2023-07-20T00:00:00Z,1774960566434005004,
67734-17,Нет модификации,0021220074,2024-07-19T00:00:00Z,С-В/20-07-2023/265057551,Пригодно,ДО-02-02,Датчики осадков,2023,"ФГУП ""ВНИИМ ИМ. Д.И.МЕНДЕЛЕЕВА""",True,1-265057551,2023-07-20T00:00:00Z,1774960566434005006,
67734-17,Нет модификации,0021220186,2024-07-19T00:00:00Z,С-В/20-07-2023/265057552,Пригодно,ДО-02-02,Датчики осадков,2023,"ФГУП ""ВНИИМ ИМ. Д.И.МЕНДЕЛЕЕВА""",True,1-265057552,2023-07-20T00:00:00Z,1774960566434005007,
67734-17,Нет модификации,0021220187,2024-07-19T00:00:00Z,С-В/20-07-2023/265057553,Пригодно,ДО-02-02,Датчики осадков,2023,"ФГУП ""ВНИИМ ИМ. Д.И.МЕНДЕЛЕЕВА""",True,1-265057553,2023-07-20T00:00:00Z,1774960566435053568,
67734-17,Нет модификации,0021220188,2024-07-19T00:00:00Z,С-В/20-07-2023/265057554,Пригодно,ДО-02-02,Датчики осадков,2023,"ФГУП ""ВНИИМ ИМ. Д.И.МЕНДЕЛЕЕВА""",True,1-265057554,2023-07-20T00:00:00Z,1774960566435053570,
67734-17,Нет модификации,0021220189,2024-07-19T00:00:00Z,С-В/20-07-2023/265057555,Пригодно,ДО-02-02,Датчики осадков,2023,"ФГУП ""ВНИИМ ИМ. Д.И.МЕНДЕЛЕЕВА""",True,1-265057555,2023-07-20T00:00:00Z,1774960566435053571,
67734-17,Нет модификации,0021220193,2024-07-19T00:00:00Z,С-В/20-07-2023/265057556,Пригодно,ДО-02-02,Датчики осадков,2023,"ФГУП ""ВНИИМ ИМ. Д.И.МЕНДЕЛЕЕВА""",True,1-265057556,2023-07-20T00:00:00Z,1774960566435053572,
67734-17,Нет модификации,0021220194,2024-07-19T00:00:00Z,С-В/20-07-2023/265057557,Пригодно,ДО-02-02,Датчики осадков,2023,"ФГУП ""ВНИИМ ИМ. Д.И.МЕНДЕЛЕЕВА""",True,1-265057557,2023-07-20T00:00:00Z,1774960566435053573,
67734-17,Нет модификации,0021220195,2024-07-19T00:00:00Z,С-В/20-07-2023/265057558,Пригодно,ДО-02-02,Датчики осадков,2023,"ФГУП ""ВНИИМ ИМ. Д.И.МЕНДЕЛЕЕВА""",True,1-265057558,2023-07-20T00:00:00Z,1774960566435053575,
67734-17,Нет модификации,0021220196,2024-07-19T00:00:00Z,С-В/20-07-2023/265057559,Пригодно,ДО-02-02,Датчики осадков,2023,"ФГУП ""ВНИИМ ИМ. Д.И.МЕНДЕЛЕЕВА""",True,1-265057559,2023-07-20T00:00:00Z,1774960566435053576,
67734-17,Нет модификации,0021220197,2024-07-19T00:00:00Z,С-В/20-07-2023/265057560,Пригодно,ДО-02-02,Датчики осадков,2023,"ФГУП ""ВНИИМ ИМ. Д.И.МЕНДЕЛЕЕВА""",True,1-265057560,2023-07-20T00:00:00Z,1774960566435053578,
67734-17,Нет модификации,0021220198,2024-07-19T00:00:00Z,С-В/20-07-2023/265057561,Пригодно,ДО-02-02,Датчики осадков,2023,"ФГУП ""ВНИИМ ИМ. Д.И.МЕНДЕЛЕЕВА""",True,1-265057561,2023-07-20T00:00:00Z,1774960566435053579,
67734-17,Нет модификации,0021220199,2024-07-19T00:00:00Z,С-В/20-07-2023/265057562,Пригодно,ДО-02-02,Датчики осадков,2023,"ФГУП ""ВНИИМ ИМ. Д.И.МЕНДЕЛЕЕВА""",True,1-265057562,2023-07-20T00:00:00Z,1774960566435053580,
67734-17,Нет модификации,0021220208,2024-07-19T00:00:00Z,С-В/20-07-2023/265057563,Пригодно,ДО-02-02,Датчики осадков,2023,"ФГУП ""ВНИИМ ИМ. Д.И.МЕНДЕЛЕЕВА""",True,1-265057563,2023-07-20T00:00:00Z,1774960566435053581,
86809-22,Нет модификации,0084230021,2024-07-18T00:00:00Z,С-ДФН/19-07-2023/271521470,Пригодно,ДО-04,Датчики осадков,2023,"ООО ""СТАНДАРТ-12""",True,1-271521470,2023-07-19T00:00:00Z,1774961434569998336,
86809-22,Нет модификации,0084230020,2024-07-18T00:00:00Z,С-ДФН/19-07-2023/271521471,Пригодно,ДО-04,Датчики осадков,2023,"ООО ""СТАНДАРТ-12""",True,1-271521471,2023-07-19T00:00:00Z,1774961434569998341,
86809-22,Нет модификации,0084230019,2024-07-18T00:00:00Z,С-ДФН/19-07-2023/271521472,Пригодно,ДО-04,Датчики осадков,2023,"ООО ""СТАНДАРТ-12""",True,1-271521472,2023-07-19T00:00:00Z,1774961434569998346,
86809-22,Нет модификации,0084230018,2024-07-18T00:00:00Z,С-ДФН/19-07-2023/271521473,Пригодно,ДО-04,Датчики осадков,2023,"ООО ""СТАНДАРТ-12""",True,1-271521473,2023-07-19T00:00:00Z,1774961434569998350,
86809-22,Нет модификации,0084230013,2024-07-18T00:00:00Z,С-ДФН/19-07-2023/271521475,Пригодно,ДО-04,Датчики осадков,2023,"ООО ""СТАНДАРТ-12""",True,1-271521475,2023-07-19T00:00:00Z,1774961434571046913,
86809-22,Нет модификации,0084230060,2024-07-18T00:00:00Z,С-ДФН/19-07-2023/271521606,Пригодно,ДО-04,Датчики осадков,2023,"ООО ""СТАНДАРТ-12""",True,1-271521606,2023-07-19T00:00:00Z,1774961434581532676,
86809-22,Нет модификации,0084230024,2024-07-18T00:00:00Z,С-ДФН/19-07-2023/271521607,Пригодно,ДО-04,Датчики осадков,2023,"ООО ""СТАНДАРТ-12""",True,1-271521607,2023-07-19T00:00:00Z,1774961434581532677,
86809-22,Нет модификации,0084230022,2024-07-18T00:00:00Z,С-ДФН/19-07-2023/271521608,Пригодно,ДО-04,Датчики осадков,2023,"ООО ""СТАНДАРТ-12""",True,1-271521608,2023-07-19T00:00:00Z,1774961434581532680,
86809-22,Нет модификации,0084230017,2024-07-17T00:00:00Z,С-ДФН/18-07-2023/271521476,Пригодно,ДО-04,Датчики осадков,2023,"ООО ""СТАНДАРТ-12""",True,1-271521476,2023-07-18T00:00:00Z,1774961434571046917,
86809-22,Нет модификации,0084230036,2024-07-17T00:00:00Z,С-ДФН/18-07-2023/271521477,Пригодно,ДО-04,Датчики осадков,2023,"ООО ""СТАНДАРТ-12""",True,1-271521477,2023-07-18T00:00:00Z,1774961434571046918,
86809-22,Нет модификации,0084230035,2024-07-17T00:00:00Z,С-ДФН/18-07-2023/271521478,Пригодно,ДО-04,Датчики осадков,2023,"ООО ""СТАНДАРТ-12""",True,1-271521478,2023-07-18T00:00:00Z,1774961434571046919,
86809-22,Нет модификации,0084230034,2024-07-17T00:00:00Z,С-ДФН/18-07-2023/271521479,Пригодно,ДО-04,Датчики осадков,2023,"ООО ""СТАНДАРТ-12""",True,1-271521479,2023-07-18T00:00:00Z,1774961434571046920,
86809-22,Нет модификации,0084230033,2024-07-17T00:00:00Z,С-ДФН/18-07-2023/271521480,Пригодно,ДО-04,Датчики осадков,2023,"ООО ""СТАНДАРТ-12""",True,1-271521480,2023-07-18T00:00:00Z,1774961434571046921,
86809-22,Нет модификации,0084230032,2024-07-17T00:00:00Z,С-ДФН/18-07-2023/271521481,Пригодно,ДО-04,Датчики осадков,2023,"ООО ""СТАНДАРТ-12""",True,1-271521481,2023-07-18T00:00:00Z,1774961434571046923,
86809-22,Нет модификации,0084230029,2024-07-17T00:00:00Z,С-ДФН/18-07-2023/271521482,Пригодно,ДО-04,Датчики осадков,2023,"ООО ""СТАНДАРТ-12""",True,1-271521482,2023-07-18T00:00:00Z,1774961434571046924,
86809-22,Нет модификации,0084230023,2024-07-17T00:00:00Z,С-ДФН/18-07-2023/271521483,Пригодно,ДО-04,Датчики осадков,2023,"ООО ""СТАНДАРТ-12""",True,1-271521483,2023-07-18T00:00:00Z,1774961434571046925,
86809-22,Нет модификации,0084230030,2024-07-03T00:00:00Z,С-В/04-07-2023/261624943,Пригодно,ДО-04,Датчики осадков,2023,"ФГУП ""ВНИИМ ИМ. Д.И.МЕНДЕЛЕЕВА""",True,1-261624943,2023-07-04T00:00:00Z,1774961246630576139,
86809-22,Нет модификации,0084230027,2024-07-03T00:00:00Z,С-В/04-07-2023/261624944,Пригодно,ДО-04,Датчики осадков,2023,"ФГУП ""ВНИИМ ИМ. Д.И.МЕНДЕЛЕЕВА""",True,1-261624944,2023-07-04T00:00:00Z,1774961246630576141,
86809-22,Нет модификации,0084230028,2024-07-03T00:00:00Z,С-В/04-07-2023/261624945,Пригодно,ДО-04,Датчики осадков,2023,"ФГУП ""ВНИИМ ИМ. Д.И.МЕНДЕЛЕЕВА""",True,1-261624945,2023-07-04T00:00:00Z,1774961246630576142,
86809-22,Нет модификации,0084230012,2024-05-18T00:00:00Z,С-В/19-05-2023/249381840,Пригодно,ДО-04,Датчики осадков,2023,"ФГУП ""ВНИИМ ИМ. Д.И.МЕНДЕЛЕЕВА""",True,1-249381840,2023-05-19T00:00:00Z,1774960982140911627,
86809-22,Нет модификации,0084230011,2024-05-18T00:00:00Z,С-В/19-05-2023/249381841,Пригодно,ДО-04,Датчики осадков,2023,"ФГУП ""ВНИИМ ИМ. Д.И.МЕНДЕЛЕЕВА""",True,1-249381841,2023-05-19T00:00:00Z,1774960982140911629,
86809-22,Нет модификации,0084230010,2024-05-18T00:00:00Z,С-В/19-05-2023/249381842,Пригодно,ДО-04,Датчики осадков,2023,"ФГУП ""ВНИИМ ИМ. Д.И.МЕНДЕЛЕЕВА""",True,1-249381842,2023-05-19T00:00:00Z,1774960982141960194,
86809-22,Нет модификации,0084230009,2024-05-18T00:00:00Z,С-В/19-05-2023/249381843,Пригодно,ДО-04,Датчики осадков,2023,"ФГУП ""ВНИИМ ИМ. Д.И.МЕНДЕЛЕЕВА""",True,1-249381843,2023-05-19T00:00:00Z,1774960982141960195,
86809-22,Нет модификации,0084230008,2024-05-18T00:00:00Z,С-В/19-05-2023/249381844,Пригодно,ДО-04,Датчики осадков,2023,"ФГУП ""ВНИИМ ИМ. Д.И.МЕНДЕЛЕЕВА""",True,1-249381844,2023-05-19T00:00:00Z,1774960982141960197,
86809-22,Нет модификации,0084230007,2024-05-18T00:00:00Z,С-В/19-05-2023/249381846,Пригодно,ДО-04,Датчики осадков,2023,"ФГУП ""ВНИИМ ИМ. Д.И.МЕНДЕЛЕЕВА""",True,1-249381846,2023-05-19T00:00:00Z,1774960982141960199,
67734-17,Нет модификации,0021220225,2024-04-23T00:00:00Z,С-В/24-04-2023/242204667,Пригодно,ДО-02-02,Датчики осадков,2023,"ФГУП ""ВНИИМ ИМ. Д.И.МЕНДЕЛЕЕВА""",True,1-242204667,2023-04-24T00:00:00Z,1774960898400583694,
67734-17,Нет модификации,0021220224,2024-04-23T00:00:00Z,С-В/24-04-2023/242204668,Пригодно,ДО-02-02,Датчики осадков,2023,"ФГУП ""ВНИИМ ИМ. Д.И.МЕНДЕЛЕЕВА""",True,1-242204668,2023-04-24T00:00:00Z,1774960898401632256,
67734-17,Нет модификации,0021220221,2024-04-23T00:00:00Z,С-В/24-04-2023/242204669,Пригодно,ДО-02-02,Датчики осадков,2023,"ФГУП ""ВНИИМ ИМ. Д.И.МЕНДЕЛЕЕВА""",True,1-242204669,2023-04-24T00:00:00Z,1774960898401632262,
67734-17,Нет модификации,0021220220,2024-04-23T00:00:00Z,С-В/24-04-2023/242204670,Пригодно,ДО-02-02,Датчики осадков,2023,"ФГУП ""ВНИИМ ИМ. Д.И.МЕНДЕЛЕЕВА""",True,1-242204670,2023-04-24T00:00:00Z,1774960898401632267,
67734-17,Нет модификации,0021220219,2024-04-23T00:00:00Z,С-В/24-04-2023/242204671,Пригодно,ДО-02-02,Датчики осадков,2023,"ФГУП ""ВНИИМ ИМ. Д.И.МЕНДЕЛЕЕВА""",True,1-242204671,2023-04-24T00:00:00Z,1774960898402680833,
67734-17,Нет модификации,0021220218,2024-04-23T00:00:00Z,С-В/24-04-2023/242204672,Пригодно,ДО-02-02,Датчики осадков,2023,"ФГУП ""ВНИИМ ИМ. Д.И.МЕНДЕЛЕЕВА""",True,1-242204672,2023-04-24T00:00:00Z,1774960898402680837,
67734-17,Нет модификации,0021220217,2024-04-23T00:00:00Z,С-В/24-04-2023/242204673,Пригодно,ДО-02-02,Датчики осадков,2023,"ФГУП ""ВНИИМ ИМ. Д.И.МЕНДЕЛЕЕВА""",True,1-242204673,2023-04-24T00:00:00Z,1774960898404777987,
67734-17,Нет модификации,0021220216,2024-04-23T00:00:00Z,С-В/24-04-2023/242204674,Пригодно,ДО-02-02,Датчики осадков,2023,"ФГУП ""ВНИИМ ИМ. Д.И.МЕНДЕЛЕЕВА""",True,1-242204674,2023-04-24T00:00:00Z,1774960898404777991,
67734-17,Нет модификации,0021220215,2024-04-23T00:00:00Z,С-В/24-04-2023/242204675,Пригодно,ДО-02-02,Датчики осадков,2023,"ФГУП ""ВНИИМ ИМ. Д.И.МЕНДЕЛЕЕВА""",True,1-242204675,2023-04-24T00:00:00Z,1774960898405826562,
67734-17,Нет модификации,0021220214,2024-04-23T00:00:00Z,С-В/24-04-2023/242204676,Пригодно,ДО-02-02,Датчики осадков,2023,"ФГУП ""ВНИИМ ИМ. Д.И.МЕНДЕЛЕЕВА""",True,1-242204676,2023-04-24T00:00:00Z,1774960898405826569,
67734-17,Нет модификации,0021220213,2024-04-23T00:00:00Z,С-В/24-04-2023/242204677,Пригодно,ДО-02-02,Датчики осадков,2023,"ФГУП ""ВНИИМ ИМ. Д.И.МЕНДЕЛЕЕВА""",True,1-242204677,2023-04-24T00:00:00Z,1774960898405826575,
67734-17,Нет модификации,0021220172,2024-04-23T00:00:00Z,С-В/24-04-2023/242204678,Пригодно,ДО-02-02,Датчики осадков,2023,"ФГУП ""ВНИИМ ИМ. Д.И.МЕНДЕЛЕЕВА""",True,1-242204678,2023-04-24T00:00:00Z,1774960898406875136,
67734-17,Нет модификации,0021220235,2024-03-21T00:00:00Z,С-В/22-03-2023/234298542,Пригодно,ДО-02-02,Датчики осадков,2023,"ФГУП ""ВНИИМ ИМ. Д.И.МЕНДЕЛЕЕВА""",True,1-234298542,2023-03-22T00:00:00Z,1774960799898402821,
67734-17,Нет модификации,0021220234,2024-03-21T00:00:00Z,С-В/22-03-2023/234298543,Пригодно,ДО-02-02,Датчики осадков,2023,"ФГУП ""ВНИИМ ИМ. Д.И.МЕНДЕЛЕЕВА""",True,1-234298543,2023-03-22T00:00:00Z,1774960799898402822,
67734-17,Нет модификации,0021220233,2024-03-21T00:00:00Z,С-В/22-03-2023/234298544,Пригодно,ДО-02-02,Датчики осадков,2023,"ФГУП ""ВНИИМ ИМ. Д.И.МЕНДЕЛЕЕВА""",True,1-234298544,2023-03-22T00:00:00Z,1774871683247636488,
67734-17,Нет модификации,0021220232,2024-03-21T00:00:00Z,С-В/22-03-2023/234298545,Пригодно,ДО-02-02,Датчики осадков,2023,"ФГУП ""ВНИИМ ИМ. Д.И.МЕНДЕЛЕЕВА""",True,1-234298545,2023-03-22T00:00:00Z,1774871683247636489,
67734-17,Нет модификации,0021220231,2024-03-21T00:00:00Z,С-В/22-03-2023/234298546,Пригодно,ДО-02-02,Датчики осадков,2023,"ФГУП ""ВНИИМ ИМ. Д.И.МЕНДЕЛЕЕВА""",True,1-234298546,2023-03-22T00:00:00Z,1774871683247636491,
67734-17,Нет модификации,0021220230,2024-03-21T00:00:00Z,С-В/22-03-2023/234298547,Пригодно,ДО-02-02,Датчики осадков,2023,"ФГУП ""ВНИИМ ИМ. Д.И.МЕНДЕЛЕЕВА""",True,1-234298547,2023-03-22T00:00:00Z,1774871683247636492,
67734-17,Нет модификации,0021220229,2024-03-21T00:00:00Z,С-В/22-03-2023/234298548,Пригодно,ДО-02-02,Датчики осадков,2023,"ФГУП ""ВНИИМ ИМ. Д.И.МЕНДЕЛЕЕВА""",True,1-234298548,2023-03-22T00:00:00Z,1774871683248685056,
67734-17,Нет модификации,0021220228,2024-03-21T00:00:00Z,С-В/22-03-2023/234298549,Пригодно,ДО-02-02,Датчики осадков,2023,"ФГУП ""ВНИИМ ИМ. Д.И.МЕНДЕЛЕЕВА""",True,1-234298549,2023-03-22T00:00:00Z,1774871683248685059,
67734-17,Нет модификации,0021220227,2024-03-21T00:00:00Z,С-В/22-03-2023/234298550,Пригодно,ДО-02-02,Датчики осадков,2023,"ФГУП ""ВНИИМ ИМ. Д.И.МЕНДЕЛЕЕВА""",True,1-234298550,2023-03-22T00:00:00Z,1774871683248685061,
67734-17,Нет модификации,0021220223,2024-03-21T00:00:00Z,С-В/22-03-2023/234298551,Пригодно,ДО-02-02,Датчики осадков,2023,"ФГУП ""ВНИИМ ИМ. Д.И.МЕНДЕЛЕЕВА""",True,1-234298551,2023-03-22T00:00:00Z,1774871683248685064,
67734-17,Нет модификации,0021220222,2024-03-21T00:00:00Z,С-В/22-03-2023/234298552,Пригодно,ДО-02-02,Датчики осадков,2023,"ФГУП ""ВНИИМ ИМ. Д.И.МЕНДЕЛЕЕВА""",True,1-234298552,2023-03-22T00:00:00Z,1774871683248685066,
67734-17,Нет модификации,0021220046,2024-03-21T00:00:00Z,С-В/22-03-2023/234298553,Пригодно,ДО-02-02,Датчики осадков,2023,"ФГУП ""ВНИИМ ИМ. Д.И.МЕНДЕЛЕЕВА""",True,1-234298553,2023-03-22T00:00:00Z,1774871683248685067,
67734-17,Нет модификации,0021210129,2024-02-26T00:00:00Z,С-В/27-02-2023/228851185,Пригодно,ДО-02-02,Датчики осадков,2023,"ФГУП ""ВНИИМ ИМ. Д.И.МЕНДЕЛЕЕВА""",True,1-228851185,2023-02-27T00:00:00Z,1774871514389151745,
67734-17,Нет модификации,0021210302,2024-02-26T00:00:00Z,С-В/27-02-2023/228851186,Пригодно,ДО-02-02,Датчики осадков,2023,"ФГУП ""ВНИИМ ИМ. Д.И.МЕНДЕЛЕЕВА""",True,1-228851186,2023-02-27T00:00:00Z,1774871514389151746,
67734-17,Нет модификации,0021220238,2024-02-26T00:00:00Z,С-В/27-02-2023/228851202,Пригодно,ДО-02-02,Датчики осадков,2023,"ФГУП ""ВНИИМ ИМ. Д.И.МЕНДЕЛЕЕВА""",True,1-228851202,2023-02-27T00:00:00Z,1774871514389151754,
67734-17,Нет модификации,0021220239,2024-02-26T00:00:00Z,С-В/27-02-2023/228851203,Пригодно,ДО-02-02,Датчики осадков,2023,"ФГУП ""ВНИИМ ИМ. Д.И.МЕНДЕЛЕЕВА""",True,1-228851203,2023-02-27T00:00:00Z,1774871514389151755,
67734-17,Нет модификации,0021220240,2024-02-26T00:00:00Z,С-В/27-02-2023/228851205,Пригодно,ДО-02-02,Датчики осадков,2023,"ФГУП ""ВНИИМ ИМ. Д.И.МЕНДЕЛЕЕВА""",True,1-228851205,2023-02-27T00:00:00Z,1774871514389151756,
67734-17,Нет модификации,0021220243,2024-02-26T00:00:00Z,С-В/27-02-2023/228851206,Пригодно,ДО-02-02,Датчики осадков,2023,"ФГУП ""ВНИИМ ИМ. Д.И.МЕНДЕЛЕЕВА""",True,1-228851206,2023-02-27T00:00:00Z,1774871514390200320,
67734-17,Нет модификации,0021220244,2024-02-26T00:00:00Z,С-В/27-02-2023/228851207,Пригодно,ДО-02-02,Датчики осадков,2023,"ФГУП ""ВНИИМ ИМ. Д.И.МЕНДЕЛЕЕВА""",True,1-228851207,2023-02-27T00:00:00Z,1774871514390200321,
67734-17,Нет модификации,0021220237,2024-02-26T00:00:00Z,С-В/27-02-2023/228851208,Пригодно,ДО-02-02,Датчики осадков,2023,"ФГУП ""ВНИИМ ИМ. Д.И.МЕНДЕЛЕЕВА""",True,1-228851208,2023-02-27T00:00:00Z,1774871514390200322,
86809-22,Нет модификации,0084230002,2024-02-26T00:00:00Z,С-В/27-02-2023/228851199,Пригодно,ДО-04,Датчики осадков,2023,"ФГУП ""ВНИИМ ИМ. Д.И.МЕНДЕЛЕЕВА""",True,1-228851199,2023-02-27T00:00:00Z,1774873038471299074,
86809-22,Нет модификации,0084230003,2024-02-26T00:00:00Z,С-В/27-02-2023/228851200,Пригодно,ДО-04,Датчики осадков,2023,"ФГУП ""ВНИИМ ИМ. Д.И.МЕНДЕЛЕЕВА""",True,1-228851200,2023-02-27T00:00:00Z,1774873038471299075,
86809-22,Нет модификации,0084230004,2024-02-26T00:00:00Z,С-В/27-02-2023/228851201,Пригодно,ДО-04,Датчики осадков,2023,"ФГУП ""ВНИИМ ИМ. Д.И.МЕНДЕЛЕЕВА""",True,1-228851201,2023-02-27T00:00:00Z,1774873038471299076,
67734-17,Нет модификации,0021190230,2024-02-08T00:00:00Z,С-В/09-02-2023/228851389,Пригодно,ДО-02-02,Датчики осадков,2023,"ФГУП ""ВНИИМ ИМ. Д.И.МЕНДЕЛЕЕВА""",True,1-228851389,2023-02-09T00:00:00Z,1774871514396491788,
67734-17,Нет модификации,0021190274,2024-02-08T00:00:00Z,С-В/09-02-2023/228851390,Пригодно,ДО-02-02,Датчики осадков,2023,"ФГУП ""ВНИИМ ИМ. Д.И.МЕНДЕЛЕЕВА""",True,1-228851390,2023-02-09T00:00:00Z,1774871514396491789,
67734-17,Нет модификации,0021200188,2024-02-08T00:00:00Z,С-В/09-02-2023/228851391,Пригодно,ДО-02-02,Датчики осадков,2023,"ФГУП ""ВНИИМ ИМ. Д.И.МЕНДЕЛЕЕВА""",True,1-228851391,2023-02-09T00:00:00Z,1774871514397540352,
67734-17,Нет модификации,0021200243,2024-02-08T00:00:00Z,С-В/09-02-2023/228851393,Пригодно,ДО-02-02,Датчики осадков,2023,"ФГУП ""ВНИИМ ИМ. Д.И.МЕНДЕЛЕЕВА""",True,1-228851393,2023-02-09T00:00:00Z,1774871514397540353,
67734-17,Нет модификации,0021220271,2024-02-08T00:00:00Z,С-В/09-02-2023/228851396,Пригодно,ДО-02-02,Датчики осадков,2023,"ФГУП ""ВНИИМ ИМ. Д.И.МЕНДЕЛЕЕВА""",True,1-228851396,2023-02-09T00:00:00Z,1774871514397540354,
67734-17,Нет модификации,0021220269,2024-02-08T00:00:00Z,С-В/09-02-2023/228851397,Пригодно,ДО-02-02,Датчики осадков,2023,"ФГУП ""ВНИИМ ИМ. Д.И.МЕНДЕЛЕЕВА""",True,1-228851397,2023-02-09T00:00:00Z,1774871514397540355,
67734-17,Нет модификации,0021220267,2024-02-08T00:00:00Z,С-В/09-02-2023/228851399,Пригодно,ДО-02-02,Датчики осадков,2023,"ФГУП ""ВНИИМ ИМ. Д.И.МЕНДЕЛЕЕВА""",True,1-228851399,2023-02-09T00:00:00Z,1774871514397540356,
67734-17,Нет модификации,0021220266,2024-02-08T00:00:00Z,С-В/09-02-2023/228851400,Пригодно,ДО-02-02,Датчики осадков,2023,"ФГУП ""ВНИИМ ИМ. Д.И.МЕНДЕЛЕЕВА""",True,1-228851400,2023-02-09T00:00:00Z,1774871514397540357,
67734-17,Нет модификации,0021220265,2024-02-08T00:00:00Z,С-В/09-02-2023/228851401,Пригодно,ДО-02-02,Датчики осадков,2023,"ФГУП ""ВНИИМ ИМ. Д.И.МЕНДЕЛЕЕВА""",True,1-228851401,2023-02-09T00:00:00Z,1774871514397540358,
67734-17,Нет модификации,0021220264,2024-02-08T00:00:00Z,С-В/09-02-2023/228851402,Пригодно,ДО-02-02,Датчики осадков,2023,"ФГУП ""ВНИИМ ИМ. Д.И.МЕНДЕЛЕЕВА""",True,1-228851402,2023-02-09T00:00:00Z,1774871514397540359,
67734-17,Нет модификации,0021220262,2024-02-08T00:00:00Z,С-В/09-02-2023/228851403,Пригодно,ДО-02-02,Датчики осадков,2023,"ФГУП ""ВНИИМ ИМ. Д.И.МЕНДЕЛЕЕВА""",True,1-228851403,2023-02-09T00:00:00Z,1774871514397540360,
67734-17,Нет модификации,0021220261,2024-02-08T00:00:00Z,С-В/09-02-2023/228851405,Пригодно,ДО-02-02,Датчики осадков,2023,"ФГУП ""ВНИИМ ИМ. Д.И.МЕНДЕЛЕЕВА""",True,1-228851405,2023-02-09T00:00:00Z,1774871514397540361,
67734-17,Нет модификации,0021220260,2024-02-08T00:00:00Z,С-В/09-02-2023/228851406,Пригодно,ДО-02-02,Датчики осадков,2023,"ФГУП ""ВНИИМ ИМ. Д.И.МЕНДЕЛЕЕВА""",True,1-228851406,2023-02-09T00:00:00Z,1774871514397540362,
67734-17,Нет модификации,0021220258,2024-02-08T00:00:00Z,С-В/09-02-2023/228851408,Пригодно,ДО-02-02,Датчики осадков,2023,"ФГУП ""ВНИИМ ИМ. Д.И.МЕНДЕЛЕЕВА""",True,1-228851408,2023-02-09T00:00:00Z,1774871514397540363,
67734-17,Нет модификации,0021220257,2024-02-08T00:00:00Z,С-В/09-02-2023/228851409,Пригодно,ДО-02-02,Датчики осадков,2023,"ФГУП ""ВНИИМ ИМ. Д.И.МЕНДЕЛЕЕВА""",True,1-228851409,2023-02-09T00:00:00Z,1774871514397540364,
67734-17,Нет модификации,0021220256,2024-02-08T00:00:00Z,С-В/09-02-2023/228851410,Пригодно,ДО-02-02,Датчики осадков,2023,"ФГУП ""ВНИИМ ИМ. Д.И.МЕНДЕЛЕЕВА""",True,1-228851410,2023-02-09T00:00:00Z,1774871514398588928,
67734-17,Нет модификации,0021220255,2024-02-08T00:00:00Z,С-В/09-02-2023/228851411,Пригодно,ДО-02-02,Датчики осадков,2023,"ФГУП ""ВНИИМ ИМ. Д.И.МЕНДЕЛЕЕВА""",True,1-228851411,2023-02-09T00:00:00Z,1774871514398588929,
67734-17,Нет модификации,0021220254,2024-02-08T00:00:00Z,С-В/09-02-2023/228851413,Пригодно,ДО-02-02,Датчики осадков,2023,"ФГУП ""ВНИИМ ИМ. Д.И.МЕНДЕЛЕЕВА""",True,1-228851413,2023-02-09T00:00:00Z,1774871514398588930,
67734-17,Нет модификации,0021220253,2024-02-08T00:00:00Z,С-В/09-02-2023/228851414,Пригодно,ДО-02-02,Датчики осадков,2023,"ФГУП ""ВНИИМ ИМ. Д.И.МЕНДЕЛЕЕВА""",True,1-228851414,2023-02-09T00:00:00Z,1774871514398588931,
67734-17,Нет модификации,0021220252,2024-02-08T00:00:00Z,С-В/09-02-2023/228851415,Пригодно,ДО-02-02,Датчики осадков,2023,"ФГУП ""ВНИИМ ИМ. Д.И.МЕНДЕЛЕЕВА""",True,1-228851415,2023-02-09T00:00:00Z,1774871514398588932,
67734-17,Нет модификации,0021220251,2024-02-08T00:00:00Z,С-В/09-02-2023/228851416,Пригодно,ДО-02-02,Датчики осадков,2023,"ФГУП ""ВНИИМ ИМ. Д.И.МЕНДЕЛЕЕВА""",True,1-228851416,2023-02-09T00:00:00Z,1774871514398588933,
67734-17,Нет модификации,0021220250,2024-02-08T00:00:00Z,С-В/09-02-2023/228851419,Пригодно,ДО-02-02,Датчики осадков,2023,"ФГУП ""ВНИИМ ИМ. Д.И.МЕНДЕЛЕЕВА""",True,1-228851419,2023-02-09T00:00:00Z,1774871514398588934,
67734-17,Нет модификации,0021220248,2024-02-08T00:00:00Z,С-В/09-02-2023/228851420,Пригодно,ДО-02-02,Датчики осадков,2023,"ФГУП ""ВНИИМ ИМ. Д.И.МЕНДЕЛЕЕВА""",True,1-228851420,2023-02-09T00:00:00Z,1774871514398588935,
67734-17,Нет модификации,0021220247,2024-02-08T00:00:00Z,С-В/09-02-2023/228851421,Пригодно,ДО-02-02,Датчики осадков,2023,"ФГУП ""ВНИИМ ИМ. Д.И.МЕНДЕЛЕЕВА""",True,1-228851421,2023-02-09T00:00:00Z,1774871514398588936,
67734-17,Нет модификации,0021220246,2024-02-08T00:00:00Z,С-В/09-02-2023/228851422,Пригодно,ДО-02-02,Датчики осадков,2023,"ФГУП ""ВНИИМ ИМ. Д.И.МЕНДЕЛЕЕВА""",True,1-228851422,2023-02-09T00:00:00Z,1774871514398588937,
67734-17,Нет модификации,0021220245,2024-02-08T00:00:00Z,С-В/09-02-2023/228851423,Пригодно,ДО-02-02,Датчики осадков,2023,"ФГУП ""ВНИИМ ИМ. Д.И.МЕНДЕЛЕЕВА""",True,1-228851423,2023-02-09T00:00:00Z,1774871514398588938,
67734-17,Нет модификации,0021220242,2024-02-08T00:00:00Z,С-В/09-02-2023/228851424,Пригодно,ДО-02-02,Датчики осадков,2023,"ФГУП ""ВНИИМ ИМ. Д.И.МЕНДЕЛЕЕВА""",True,1-228851424,2023-02-09T00:00:00Z,1774871514398588939,
67734-17,Нет модификации,0021220241,2024-02-08T00:00:00Z,С-В/09-02-2023/228851426,Пригодно,ДО-02-02,Датчики осадков,2023,"ФГУП ""ВНИИМ ИМ. Д.И.МЕНДЕЛЕЕВА""",True,1-228851426,2023-02-09T00:00:00Z,1774871514398588940,
67734-17,Нет модификации,0021220236,2024-02-08T00:00:00Z,С-В/09-02-2023/228851427,Пригодно,ДО-02-02,Датчики осадков,2023,"ФГУП ""ВНИИМ ИМ. Д.И.МЕНДЕЛЕЕВА""",True,1-228851427,2023-02-09T00:00:00Z,1774871514399637504,
67734-17,Нет модификации,0021220119,2024-02-08T00:00:00Z,С-В/09-02-2023/228851429,Пригодно,ДО-02-02,Датчики осадков,2023,"ФГУП ""ВНИИМ ИМ. Д.И.МЕНДЕЛЕЕВА""",True,1-228851429,2023-02-09T00:00:00Z,1774871514399637505,
86809-22,Нет модификации,0084230001,2024-02-08T00:00:00Z,С-В/09-02-2023/228851394,Пригодно,ДО-04,Датчики осадков,2023,"ФГУП ""ВНИИМ ИМ. Д.И.МЕНДЕЛЕЕВА""",True,1-228851394,2023-02-09T00:00:00Z,1774873038481784832,
86809-22,Нет модификации,0084220010,2024-02-02T00:00:00Z,С-В/03-02-2023/226574452,Пригодно,ДО-04,Датчики осадков,2023,"ФГУП ""ВНИИМ ИМ. Д.И.МЕНДЕЛЕЕВА""",True,1-227076866,2023-02-03T00:00:00Z,1774872982820225032,
67734-17,Нет модификации,0021210181,2023-12-19T00:00:00Z,С-В/20-12-2022/210617824,Пригодно,ДО-02-02,Датчики осадков,2022,"ФГУП ""ВНИИМ ИМ. Д.И.МЕНДЕЛЕЕВА""",True,1-210617824,2022-12-20T00:00:00Z,1774878036607369222,
67734-17,Нет модификации,0021210305,2023-12-19T00:00:00Z,С-В/20-12-2022/210617825,Пригодно,ДО-02-02,Датчики осадков,2022,"ФГУП ""ВНИИМ ИМ. Д.И.МЕНДЕЛЕЕВА""",True,1-210617825,2022-12-20T00:00:00Z,1774878036608417792,
67734-17,Нет модификации,0021220270,2023-12-19T00:00:00Z,С-В/20-12-2022/210617863,Пригодно,ДО-02-02,Датчики осадков,2022,"ФГУП ""ВНИИМ ИМ. Д.И.МЕНДЕЛЕЕВА""",True,1-210617863,2022-12-20T00:00:00Z,1774878036659798016,
67734-17,Нет модификации,0021220263,2023-12-19T00:00:00Z,С-В/20-12-2022/210617864,Пригодно,ДО-02-02,Датчики осадков,2022,"ФГУП ""ВНИИМ ИМ. Д.И.МЕНДЕЛЕЕВА""",True,1-210617864,2022-12-20T00:00:00Z,1774878036659798017,
67734-17,Нет модификации,0021220123,2023-12-19T00:00:00Z,С-В/20-12-2022/210617865,Пригодно,ДО-02-02,Датчики осадков,2022,"ФГУП ""ВНИИМ ИМ. Д.И.МЕНДЕЛЕЕВА""",True,1-210617865,2022-12-20T00:00:00Z,1774878036659798018,
67734-17,Нет модификации,0021220122,2023-12-19T00:00:00Z,С-В/20-12-2022/210617866,Пригодно,ДО-02-02,Датчики осадков,2022,"ФГУП ""ВНИИМ ИМ. Д.И.МЕНДЕЛЕЕВА""",True,1-210617866,2022-12-20T00:00:00Z,1774878036659798019,
67734-17,Нет модификации,0021220128,2023-11-29T00:00:00Z,С-В/30-11-2022/205341084,Пригодно,ДО-02-02,Датчики осадков,2022,"ФГУП ""ВНИИМ ИМ. Д.И.МЕНДЕЛЕЕВА""",True,1-205341084,2022-11-30T00:00:00Z,1774877472359186438,
67734-17,Нет модификации,0021220092,2023-11-29T00:00:00Z,С-В/30-11-2022/205341085,Пригодно,ДО-02-02,Датчики осадков,2022,"ФГУП ""ВНИИМ ИМ. Д.И.МЕНДЕЛЕЕВА""",True,1-205341085,2022-11-30T00:00:00Z,1774877472359186439,
67734-17,Нет модификации,0021220125,2023-11-29T00:00:00Z,С-В/30-11-2022/205341086,Пригодно,ДО-02-02,Датчики осадков,2022,"ФГУП ""ВНИИМ ИМ. Д.И.МЕНДЕЛЕЕВА""",True,1-205341086,2022-11-30T00:00:00Z,1774877472359186440,
67734-17,Нет модификации,0021220084,2023-11-29T00:00:00Z,С-В/30-11-2022/205341087,Пригодно,ДО-02-02,Датчики осадков,2022,"ФГУП ""ВНИИМ ИМ. Д.И.МЕНДЕЛЕЕВА""",True,1-205341087,2022-11-30T00:00:00Z,1774877472359186441,
67734-17,Нет модификации,0021220090,2023-11-23T00:00:00Z,С-В/24-11-2022/203894893,Пригодно,ДО-02-02,Датчики осадков,2022,"ФГУП ""ВНИИМ ИМ. Д.И.МЕНДЕЛЕЕВА""",True,1-203894893,2022-11-24T00:00:00Z,1774877433049120770,
67734-17,Нет модификации,0021220091,2023-11-23T00:00:00Z,С-В/24-11-2022/203894894,Пригодно,ДО-02-02,Датчики осадков,2022,"ФГУП ""ВНИИМ ИМ. Д.И.МЕНДЕЛЕЕВА""",True,1-203894894,2022-11-24T00:00:00Z,1774877433049120771,
67734-17,Нет модификации,0021220127,2023-11-23T00:00:00Z,С-В/24-11-2022/203894895,Пригодно,ДО-02-02,Датчики осадков,2022,"ФГУП ""ВНИИМ ИМ. Д.И.МЕНДЕЛЕЕВА""",True,1-203894895,2022-11-24T00:00:00Z,1774877433049120772,
67734-17,Нет модификации,0021220132,2023-11-23T00:00:00Z,С-В/24-11-2022/203894897,Пригодно,ДО-02-02,Датчики осадков,2022,"ФГУП ""ВНИИМ ИМ. Д.И.МЕНДЕЛЕЕВА""",True,1-203894897,2022-11-24T00:00:00Z,1774877433049120773,
67734-17,Нет модификации,0021220131,2023-11-23T00:00:00Z,С-В/24-11-2022/203894898,Пригодно,ДО-02-02,Датчики осадков,2022,"ФГУП ""ВНИИМ ИМ. Д.И.МЕНДЕЛЕЕВА""",True,1-203894898,2022-11-24T00:00:00Z,1774877433049120774,
67734-17,Нет модификации,0021220087,2023-11-23T00:00:00Z,С-В/24-11-2022/203894899,Пригодно,ДО-02-02,Датчики осадков,2022,"ФГУП ""ВНИИМ ИМ. Д.И.МЕНДЕЛЕЕВА""",True,1-203894899,2022-11-24T00:00:00Z,1774877433049120775,
67734-17,Нет модификации,0021220130,2023-11-23T00:00:00Z,С-В/24-11-2022/203894900,Пригодно,ДО-02-02,Датчики осадков,2022,"ФГУП ""ВНИИМ ИМ. Д.И.МЕНДЕЛЕЕВА""",True,1-203894900,2022-11-24T00:00:00Z,1774877433049120776,
67734-17,Нет модификации,0021220088,2023-11-23T00:00:00Z,С-В/24-11-2022/203894901,Пригодно,ДО-02-02,Датчики осадков,2022,"ФГУП ""ВНИИМ ИМ. Д.И.МЕНДЕЛЕЕВА""",True,1-203894901,2022-11-24T00:00:00Z,1774877433049120779,
67734-17,Нет модификации,0021210333,2023-11-10T00:00:00Z,С-В/11-11-2022/200767212,Пригодно,ДО-02-02,Датчики осадков,2022,"ФГУП ""ВНИИМ ИМ. Д.И.МЕНДЕЛЕЕВА""",True,1-200767212,2022-11-11T00:00:00Z,1774877335516872711,
67734-17,Нет модификации,0021210019,2023-11-10T00:00:00Z,С-В/11-11-2022/200767213,Пригодно,ДО-02-02,Датчики осадков,2022,"ФГУП ""ВНИИМ ИМ. Д.И.МЕНДЕЛЕЕВА""",True,1-200767213,2022-11-11T00:00:00Z,1774877335517921280,
67734-17,Нет модификации,0021220116,2023-11-01T00:00:00Z,С-В/02-11-2022/200767236,Пригодно,ДО-02-02,Датчики осадков,2022,"ФГУП ""ВНИИМ ИМ. Д.И.МЕНДЕЛЕЕВА""",True,1-200767236,2022-11-02T00:00:00Z,1774877335518969856,
67734-17,Нет модификации,0021220099,2023-11-01T00:00:00Z,С-В/02-11-2022/200767237,Пригодно,ДО-02-02,Датчики осадков,2022,"ФГУП ""ВНИИМ ИМ. Д.И.МЕНДЕЛЕЕВА""",True,1-200767237,2022-11-02T00:00:00Z,1774877335518969857,
67734-17,Нет модификации,0021220118,2023-11-01T00:00:00Z,С-В/02-11-2022/200767238,Пригодно,ДО-02-02,Датчики осадков,2022,"ФГУП ""ВНИИМ ИМ. Д.И.МЕНДЕЛЕЕВА""",True,1-200767238,2022-11-02T00:00:00Z,1774877335518969858,
67734-17,Нет модификации,0021220096,2023-11-01T00:00:00Z,С-В/02-11-2022/200767239,Пригодно,ДО-02-02,Датчики осадков,2022,"ФГУП ""ВНИИМ ИМ. Д.И.МЕНДЕЛЕЕВА""",True,1-200767239,2022-11-02T00:00:00Z,1774877335518969859,
67734-17,Нет модификации,0021220105,2023-11-01T00:00:00Z,С-В/02-11-2022/200767240,Пригодно,ДО-02-02,Датчики осадков,2022,"ФГУП ""ВНИИМ ИМ. Д.И.МЕНДЕЛЕЕВА""",True,1-200767240,2022-11-02T00:00:00Z,1774877335518969860,
67734-17,Нет модификации,0021220126,2023-11-01T00:00:00Z,С-В/02-11-2022/200767242,Пригодно,ДО-02-02,Датчики осадков,2022,"ФГУП ""ВНИИМ ИМ. Д.И.МЕНДЕЛЕЕВА""",True,1-200767242,2022-11-02T00:00:00Z,1774877335518969861,
67734-17,Нет модификации,0021220154,2023-10-26T00:00:00Z,С-В/27-10-2022/198201795,Пригодно,ДО-02-02,Датчики осадков,2022,"ФГУП ""ВНИИМ ИМ. Д.И.МЕНДЕЛЕЕВА""",True,1-198201795,2022-10-27T00:00:00Z,1774877265930223622,
67734-17,Нет модификации,0021220102,2023-10-26T00:00:00Z,С-В/27-10-2022/198201796,Пригодно,ДО-02-02,Датчики осадков,2022,"ФГУП ""ВНИИМ ИМ. Д.И.МЕНДЕЛЕЕВА""",True,1-198201796,2022-10-27T00:00:00Z,1774877265930223623,
67734-17,Нет модификации,0021220114,2023-10-26T00:00:00Z,С-В/27-10-2022/198201797,Пригодно,ДО-02-02,Датчики осадков,2022,"ФГУП ""ВНИИМ ИМ. Д.И.МЕНДЕЛЕЕВА""",True,1-198201797,2022-10-27T00:00:00Z,1774877265930223624,
67734-17,Нет модификации,0021220106,2023-10-26T00:00:00Z,С-В/27-10-2022/198201798,Пригодно,ДО-02-02,Датчики осадков,2022,"ФГУП ""ВНИИМ ИМ. Д.И.МЕНДЕЛЕЕВА""",True,1-198201798,2022-10-27T00:00:00Z,1774877265931272192,
67734-17,Нет модификации,0021220168,2023-10-26T00:00:00Z,С-В/27-10-2022/198127615,Пригодно,ДО-02-02,Датчики осадков,2022,"ФГУП ""ВНИИМ ИМ. Д.И.МЕНДЕЛЕЕВА""",True,1-198127615,2022-10-27T00:00:00Z,1774877260020449282,
67734-17,Нет модификации,0021220167,2023-10-26T00:00:00Z,С-В/27-10-2022/198127618,Пригодно,ДО-02-02,Датчики осадков,2022,"ФГУП ""ВНИИМ ИМ. Д.И.МЕНДЕЛЕЕВА""",True,1-198127618,2022-10-27T00:00:00Z,1774877260029886465,
67734-17,Нет модификации,0021220166,2023-10-26T00:00:00Z,С-В/27-10-2022/198127620,Пригодно,ДО-02-02,Датчики осадков,2022,"ФГУП ""ВНИИМ ИМ. Д.И.МЕНДЕЛЕЕВА""",True,1-198127620,2022-10-27T00:00:00Z,1774877260029886466,
67734-17,Нет модификации,0021220164,2023-10-26T00:00:00Z,С-В/27-10-2022/198127622,Пригодно,ДО-02-02,Датчики осадков,2022,"ФГУП ""ВНИИМ ИМ. Д.И.МЕНДЕЛЕЕВА""",True,1-198127622,2022-10-27T00:00:00Z,1774877260029886467,
67734-17,Нет модификации,0021220145,2023-10-26T00:00:00Z,С-В/27-10-2022/198127625,Пригодно,ДО-02-02,Датчики осадков,2022,"ФГУП ""ВНИИМ ИМ. Д.И.МЕНДЕЛЕЕВА""",True,1-198127625,2022-10-27T00:00:00Z,1774877260030935040,
67734-17,Нет модификации,0021220144,2023-10-26T00:00:00Z,С-В/27-10-2022/198127628,Пригодно,ДО-02-02,Датчики осадков,2022,"ФГУП ""ВНИИМ ИМ. Д.И.МЕНДЕЛЕЕВА""",True,1-198127628,2022-10-27T00:00:00Z,1774877260030935041,
67734-17,Нет модификации,0021220141,2023-10-26T00:00:00Z,С-В/27-10-2022/198127629,Пригодно,ДО-02-02,Датчики осадков,2022,"ФГУП ""ВНИИМ ИМ. Д.И.МЕНДЕЛЕЕВА""",True,1-198127629,2022-10-27T00:00:00Z,1774877260030935043,
67734-17,Нет модификации,0021220138,2023-10-26T00:00:00Z,С-В/27-10-2022/198127631,Пригодно,ДО-02-02,Датчики осадков,2022,"ФГУП ""ВНИИМ ИМ. Д.И.МЕНДЕЛЕЕВА""",True,1-198127631,2022-10-27T00:00:00Z,1774877260031983616,
67734-17,Нет модификации,0021220135,2023-10-26T00:00:00Z,С-В/27-10-2022/198127633,Пригодно,ДО-02-02,Датчики осадков,2022,"ФГУП ""ВНИИМ ИМ. Д.И.МЕНДЕЛЕЕВА""",True,1-198127633,2022-10-27T00:00:00Z,1774877260031983617,
67734-17,Нет модификации,0021220112,2023-10-26T00:00:00Z,С-В/27-10-2022/198127635,Пригодно,ДО-02-02,Датчики осадков,2022,"ФГУП ""ВНИИМ ИМ. Д.И.МЕНДЕЛЕЕВА""",True,1-198127635,2022-10-27T00:00:00Z,1774877260031983618,
67734-17,Нет модификации,0021220111,2023-10-26T00:00:00Z,С-В/27-10-2022/198127636,Пригодно,ДО-02-02,Датчики осадков,2022,"ФГУП ""ВНИИМ ИМ. Д.И.МЕНДЕЛЕЕВА""",True,1-198127636,2022-10-27T00:00:00Z,1774877260031983619,
67734-17,Нет модификации,0021220107,2023-10-26T00:00:00Z,С-В/27-10-2022/198127638,Пригодно,ДО-02-02,Датчики осадков,2022,"ФГУП ""ВНИИМ ИМ. Д.И.МЕНДЕЛЕЕВА""",True,1-198127638,2022-10-27T00:00:00Z,1774877260033032193,
67734-17,Нет модификации,0021210123,2023-10-03T00:00:00Z,С-В/04-10-2022/198201826,Пригодно,ДО-02-02,Датчики осадков,2022,"ФГУП ""ВНИИМ ИМ. Д.И.МЕНДЕЛЕЕВА""",True,1-198201826,2022-10-04T00:00:00Z,1774877265932320772,
67734-17,Нет модификации,0021190341,2023-10-03T00:00:00Z,С-В/04-10-2022/198201827,Пригодно,ДО-02-02,Датчики осадков,2022,"ФГУП ""ВНИИМ ИМ. Д.И.МЕНДЕЛЕЕВА""",True,1-198201827,2022-10-04T00:00:00Z,1774877265932320773,
67734-17,Нет модификации,0021200011,2023-10-03T00:00:00Z,С-В/04-10-2022/198201828,Пригодно,ДО-02-02,Датчики осадков,2022,"ФГУП ""ВНИИМ ИМ. Д.И.МЕНДЕЛЕЕВА""",True,1-198201828,2022-10-04T00:00:00Z,1774877265932320774,
67734-17,Нет модификации,R021200015,2023-10-03T00:00:00Z,С-В/04-10-2022/198201829,Пригодно,ДО-02-02,Датчики осадков,2022,"ФГУП ""ВНИИМ ИМ. Д.И.МЕНДЕЛЕЕВА""",True,1-198201829,2022-10-04T00:00:00Z,1774877265932320775,
67734-17,Нет модификации,0021210114,2023-10-03T00:00:00Z,С-В/04-10-2022/198201830,Пригодно,ДО-02-02,Датчики осадков,2022,"ФГУП ""ВНИИМ ИМ. Д.И.МЕНДЕЛЕЕВА""",True,1-198201830,2022-10-04T00:00:00Z,1774877265933369344,
67734-17,Нет модификации,0021220160,2023-10-03T00:00:00Z,С-В/04-10-2022/198201832,Пригодно,ДО-02-02,Датчики осадков,2022,"ФГУП ""ВНИИМ ИМ. Д.И.МЕНДЕЛЕЕВА""",True,1-198201832,2022-10-04T00:00:00Z,1774962847981240334,
67734-17,Нет модификации,0021190334,2023-09-29T00:00:00Z,С-В/30-09-2022/189657908,Пригодно,ДО-02-02,Датчики осадков,2022,"ФГУП ""ВНИИМ ИМ. Д.И.МЕНДЕЛЕЕВА""",True,1-189657908,2022-09-30T00:00:00Z,1774962758805094404,
67734-17,Нет модификации,0021190332,2023-09-29T00:00:00Z,С-В/30-09-2022/189657909,Пригодно,ДО-02-02,Датчики осадков,2022,"ФГУП ""ВНИИМ ИМ. Д.И.МЕНДЕЛЕЕВА""",True,1-189657909,2022-09-30T00:00:00Z,1774962758805094405,
67734-17,Нет модификации,R021200005,2023-09-29T00:00:00Z,С-В/30-09-2022/189657910,Пригодно,ДО-02-02,Датчики осадков,2022,"ФГУП ""ВНИИМ ИМ. Д.И.МЕНДЕЛЕЕВА""",True,1-189657910,2022-09-30T00:00:00Z,1774962758805094406,
67734-17,Нет модификации,R021200004,2023-09-29T00:00:00Z,С-В/30-09-2022/189657911,Пригодно,ДО-02-02,Датчики осадков,2022,"ФГУП ""ВНИИМ ИМ. Д.И.МЕНДЕЛЕЕВА""",True,1-189657911,2022-09-30T00:00:00Z,1774962758806142976,
67734-17,Нет модификации,R021200007,2023-09-29T00:00:00Z,С-В/30-09-2022/189657912,Пригодно,ДО-02-02,Датчики осадков,2022,"ФГУП ""ВНИИМ ИМ. Д.И.МЕНДЕЛЕЕВА""",True,1-189657912,2022-09-30T00:00:00Z,1774962758806142977,
67734-17,Нет модификации,0021210231,2023-09-29T00:00:00Z,С-В/30-09-2022/189657913,Пригодно,ДО-02-02,Датчики осадков,2022,"ФГУП ""ВНИИМ ИМ. Д.И.МЕНДЕЛЕЕВА""",True,1-189657913,2022-09-30T00:00:00Z,1774962758806142978,
67734-17,Нет модификации,0021210348,2023-09-29T00:00:00Z,С-В/30-09-2022/189657914,Пригодно,ДО-02-02,Датчики осадков,2022,"ФГУП ""ВНИИМ ИМ. Д.И.МЕНДЕЛЕЕВА""",True,1-189657914,2022-09-30T00:00:00Z,1774962758806142979,
67734-17,Нет модификации,0021210347,2023-09-29T00:00:00Z,С-В/30-09-2022/189657915,Пригодно,ДО-02-02,Датчики осадков,2022,"ФГУП ""ВНИИМ ИМ. Д.И.МЕНДЕЛЕЕВА""",True,1-189657915,2022-09-30T00:00:00Z,1774962758806142980,
67734-17,Нет модификации,0021220153,2023-09-29T00:00:00Z,С-В/30-09-2022/189657916,Пригодно,ДО-02-02,Датчики осадков,2022,"ФГУП ""ВНИИМ ИМ. Д.И.МЕНДЕЛЕЕВА""",True,1-189657916,2022-09-30T00:00:00Z,1774962758806142981,
67734-17,Нет модификации,0021220158,2023-09-29T00:00:00Z,С-В/30-09-2022/189657917,Пригодно,ДО-02-02,Датчики осадков,2022,"ФГУП ""ВНИИМ ИМ. Д.И.МЕНДЕЛЕЕВА""",True,1-189657917,2022-09-30T00:00:00Z,1774962758806142982,
67734-17,Нет модификации,0021220150,2023-09-29T00:00:00Z,С-В/30-09-2022/189657918,Пригодно,ДО-02-02,Датчики осадков,2022,"ФГУП ""ВНИИМ ИМ. Д.И.МЕНДЕЛЕЕВА""",True,1-189657918,2022-09-30T00:00:00Z,1774962758806142983,
67734-17,Нет модификации,0021220157,2023-09-29T00:00:00Z,С-В/30-09-2022/189657919,Пригодно,ДО-02-02,Датчики осадков,2022,"ФГУП ""ВНИИМ ИМ. Д.И.МЕНДЕЛЕЕВА""",True,1-189657919,2022-09-30T00:00:00Z,1774962758806142984,
67734-17,Нет модификации,0021220162,2023-09-29T00:00:00Z,С-В/30-09-2022/189657920,Пригодно,ДО-02-02,Датчики осадков,2022,"ФГУП ""ВНИИМ ИМ. Д.И.МЕНДЕЛЕЕВА""",True,1-189657920,2022-09-30T00:00:00Z,1774962758806142985,
67734-17,Нет модификации,0021220151,2023-09-29T00:00:00Z,С-В/30-09-2022/189657921,Пригодно,ДО-02-02,Датчики осадков,2022,"ФГУП ""ВНИИМ ИМ. Д.И.МЕНДЕЛЕЕВА""",True,1-189657921,2022-09-30T00:00:00Z,1774962758806142986,
67734-17,Нет модификации,0021220133,2023-09-29T00:00:00Z,С-В/30-09-2022/189657922,Пригодно,ДО-02-02,Датчики осадков,2022,"ФГУП ""ВНИИМ ИМ. Д.И.МЕНДЕЛЕЕВА""",True,1-189657922,2022-09-30T00:00:00Z,1774962758806142987,
67734-17,Нет модификации,0021220148,2023-09-29T00:00:00Z,С-В/30-09-2022/189657923,Пригодно,ДО-02-02,Датчики осадков,2022,"ФГУП ""ВНИИМ ИМ. Д.И.МЕНДЕЛЕЕВА""",True,1-189657923,2022-09-30T00:00:00Z,1774962758806142988,
67734-17,Нет модификации,0021190447,,И-В/22-09-2022/198201894,Непригодно,ДО-02-02,Датчики осадков,2022,"ФГУП ""ВНИИМ ИМ. Д.И.МЕНДЕЛЕЕВА""",False,1-198201894,2022-09-22T00:00:00Z,1774962847985434634,
67734-17,Нет модификации,0021190271,2023-09-21T00:00:00Z,С-В/22-09-2022/198201895,Пригодно,ДО-02-02,Датчики осадков,2022,"ФГУП ""ВНИИМ ИМ. Д.И.МЕНДЕЛЕЕВА""",True,1-198201895,2022-09-22T00:00:00Z,1774962847985434635,
67734-17,Нет модификации,0021190273,2023-09-21T00:00:00Z,С-В/22-09-2022/198201896,Пригодно,ДО-02-02,Датчики осадков,2022,"ФГУП ""ВНИИМ ИМ. Д.И.МЕНДЕЛЕЕВА""",True,1-198201896,2022-09-22T00:00:00Z,1774962847985434636,
67734-17,Нет модификации,0107190015,2023-09-21T00:00:00Z,С-В/22-09-2022/198201897,Пригодно,ДО-02-02,Датчики осадков,2022,"ФГУП ""ВНИИМ ИМ. Д.И.МЕНДЕЛЕЕВА""",True,1-198201897,2022-09-22T00:00:00Z,1774962847985434637,
67734-17,Нет модификации,0021190402,2023-09-21T00:00:00Z,С-В/22-09-2022/198201898,Пригодно,ДО-02-02,Датчики осадков,2022,"ФГУП ""ВНИИМ ИМ. Д.И.МЕНДЕЛЕЕВА""",True,1-198201898,2022-09-22T00:00:00Z,1774962847985434638,
67734-17,Нет модификации,0021220028,2023-09-11T00:00:00Z,С-В/12-09-2022/188205250,Пригодно,ДО-02-02,Датчики осадков,2022,"ФГУП ""ВНИИМ ИМ. Д.И.МЕНДЕЛЕЕВА""",True,1-188205250,2022-09-12T00:00:00Z,1774962736389685257,
67734-17,Нет модификации,0021220146,2023-09-11T00:00:00Z,С-В/12-09-2022/188205251,Пригодно,ДО-02-02,Датчики осадков,2022,"ФГУП ""ВНИИМ ИМ. Д.И.МЕНДЕЛЕЕВА""",True,1-188205251,2022-09-12T00:00:00Z,1774962736389685258,
67734-17,Нет модификации,0021220140,2023-09-11T00:00:00Z,С-В/12-09-2022/188205252,Пригодно,ДО-02-02,Датчики осадков,2022,"ФГУП ""ВНИИМ ИМ. Д.И.МЕНДЕЛЕЕВА""",True,1-188205252,2022-09-12T00:00:00Z,1774962736389685259,
67734-17,Нет модификации,0021220165,2023-09-11T00:00:00Z,С-В/12-09-2022/188205254,Пригодно,ДО-02-02,Датчики осадков,2022,"ФГУП ""ВНИИМ ИМ. Д.И.МЕНДЕЛЕЕВА""",True,1-188205254,2022-09-12T00:00:00Z,1774962736389685260,
67734-17,Нет модификации,0021220156,2023-09-11T00:00:00Z,С-В/12-09-2022/188205255,Пригодно,ДО-02-02,Датчики осадков,2022,"ФГУП ""ВНИИМ ИМ. Д.И.МЕНДЕЛЕЕВА""",True,1-188205255,2022-09-12T00:00:00Z,1774962736389685261,
67734-17,Нет модификации,0021210161,2023-09-11T00:00:00Z,С-В/12-09-2022/188780253,Пригодно,ДО-02-02,Датчики осадков,2022,"ФГУП ""ВНИИМ ИМ. Д.И.МЕНДЕЛЕЕВА""",True,1-188780253,2022-09-12T00:00:00Z,1774962743036608514,
67734-17,Нет модификации,R021200013,2023-09-05T00:00:00Z,С-В/06-09-2022/184744281,Пригодно,ДО-02-02,Датчики осадков,2022,"ФГУП ""ВНИИМ ИМ. Д.И.МЕНДЕЛЕЕВА""",True,1-184744281,2022-09-06T00:00:00Z,1774962696092909573,
67734-17,Нет модификации,0021190336,2023-09-05T00:00:00Z,С-В/06-09-2022/184744286,Пригодно,ДО-02-02,Датчики осадков,2022,"ФГУП ""ВНИИМ ИМ. Д.И.МЕНДЕЛЕЕВА""",True,1-184744286,2022-09-06T00:00:00Z,1774962696092909574,
67734-17,Нет модификации,0021220170,2023-09-05T00:00:00Z,С-В/06-09-2022/184744287,Пригодно,ДО-02-02,Датчики осадков,2022,"ФГУП ""ВНИИМ ИМ. Д.И.МЕНДЕЛЕЕВА""",True,1-184744287,2022-09-06T00:00:00Z,1774962696092909575,
67734-17,Нет модификации,0021220161,2023-09-05T00:00:00Z,С-В/06-09-2022/184744288,Пригодно,ДО-02-02,Датчики осадков,2022,"ФГУП ""ВНИИМ ИМ. Д.И.МЕНДЕЛЕЕВА""",True,1-184744288,2022-09-06T00:00:00Z,1774962696092909576,
67734-17,Нет модификации,0021220044,2023-09-05T00:00:00Z,С-В/06-09-2022/184744289,Пригодно,ДО-02-02,Датчики осадков,2022,"ФГУП ""ВНИИМ ИМ. Д.И.МЕНДЕЛЕЕВА""",True,1-184744289,2022-09-06T00:00:00Z,1774962696092909577,
67734-17,Нет модификации,R021200014,2023-08-22T00:00:00Z,С-В/23-08-2022/184744231,Пригодно,ДО-02-02,Датчики осадков,2022,"ФГУП ""ВНИИМ ИМ. Д.И.МЕНДЕЛЕЕВА""",True,1-184744231,2022-08-23T00:00:00Z,1774962696091861001,
67734-17,Нет модификации,0021210026,2023-08-22T00:00:00Z,С-В/23-08-2022/184744232,Пригодно,ДО-02-02,Датчики осадков,2022,"ФГУП ""ВНИИМ ИМ. Д.И.МЕНДЕЛЕЕВА""",True,1-184744232,2022-08-23T00:00:00Z,1774962696091861002,
67734-17,Нет модификации,0021210013,2023-08-22T00:00:00Z,С-В/23-08-2022/184744233,Пригодно,ДО-02-02,Датчики осадков,2022,"ФГУП ""ВНИИМ ИМ. Д.И.МЕНДЕЛЕЕВА""",True,1-184744233,2022-08-23T00:00:00Z,1774962696091861003,
67734-17,Нет модификации,0007180134,,И-В/23-08-2022/184744234,Непригодно,ДО-02-02,Датчики осадков,2022,"ФГУП ""ВНИИМ ИМ. Д.И.МЕНДЕЛЕЕВА""",False,1-184744234,2022-08-23T00:00:00Z,1774962696091861004,
67734-17,Нет модификации,R021200018,2023-08-22T00:00:00Z,С-В/23-08-2022/184744235,Пригодно,ДО-02-02,Датчики осадков,2022,"ФГУП ""ВНИИМ ИМ. Д.И.МЕНДЕЛЕЕВА""",True,1-184744235,2022-08-23T00:00:00Z,1774962696091861005,
67734-17,Нет модификации,0021210037,2023-08-22T00:00:00Z,С-В/23-08-2022/184744236,Пригодно,ДО-02-02,Датчики осадков,2022,"ФГУП ""ВНИИМ ИМ. Д.И.МЕНДЕЛЕЕВА""",True,1-184744236,2022-08-23T00:00:00Z,1774962696091861006,
67734-17,Нет модификации,0021210023,2023-08-22T00:00:00Z,С-В/23-08-2022/184744237,Пригодно,ДО-02-02,Датчики осадков,2022,"ФГУП ""ВНИИМ ИМ. Д.И.МЕНДЕЛЕЕВА""",True,1-184744237,2022-08-23T00:00:00Z,1774962696091861007,
67734-17,Нет модификации,0021210120,2023-08-10T00:00:00Z,С-В/11-08-2022/179478661,Пригодно,ДО-02-02,Датчики осадков,2022,"ФГУП ""ВНИИМ ИМ. Д.И.МЕНДЕЛЕЕВА""",True,1-179478661,2022-08-11T00:00:00Z,1774962630361874440,
67734-17,Нет модификации,0021210131,2023-08-10T00:00:00Z,С-В/11-08-2022/179478662,Пригодно,ДО-02-02,Датчики осадков,2022,"ФГУП ""ВНИИМ ИМ. Д.И.МЕНДЕЛЕЕВА""",True,1-179478662,2022-08-11T00:00:00Z,1774962630361874441,
67734-17,Нет модификации,0021200016,2023-08-10T00:00:00Z,С-В/11-08-2022/179478663,Пригодно,ДО-02-02,Датчики осадков,2022,"ФГУП ""ВНИИМ ИМ. Д.И.МЕНДЕЛЕЕВА""",True,1-179478663,2022-08-11T00:00:00Z,1774962630361874442,
67734-17,Нет модификации,0007000014,2023-08-10T00:00:00Z,С-В/11-08-2022/179478664,Пригодно,ДО-02-02,Датчики осадков,2022,"ФГУП ""ВНИИМ ИМ. Д.И.МЕНДЕЛЕЕВА""",True,1-179478664,2022-08-11T00:00:00Z,1774962630361874443,
67734-17,Нет модификации,0021180079,,И-В/11-08-2022/179478665,Непригодно,ДО-02-02,Датчики осадков,2022,"ФГУП ""ВНИИМ ИМ. Д.И.МЕНДЕЛЕЕВА""",False,1-179478665,2022-08-11T00:00:00Z,1774962630361874444,
67734-17,Нет модификации,0021210041,2023-08-10T00:00:00Z,С-В/11-08-2022/179478666,Пригодно,ДО-02-02,Датчики осадков,2022,"ФГУП ""ВНИИМ ИМ. Д.И.МЕНДЕЛЕЕВА""",True,1-179478666,2022-08-11T00:00:00Z,1774962630361874445,
67734-17,Нет модификации,0021210141,2023-08-10T00:00:00Z,С-В/11-08-2022/179478667,Пригодно,ДО-02-02,Датчики осадков,2022,"ФГУП ""ВНИИМ ИМ. Д.И.МЕНДЕЛЕЕВА""",True,1-179478667,2022-08-11T00:00:00Z,1774962630361874446,
67734-17,Нет модификации,0021210092,2023-08-10T00:00:00Z,С-В/11-08-2022/179478668,Пригодно,ДО-02-02,Датчики осадков,2022,"ФГУП ""ВНИИМ ИМ. Д.И.МЕНДЕЛЕЕВА""",True,1-179478668,2022-08-11T00:00:00Z,1774962630361874447,
67734-17,Нет модификации,0021190367,2023-08-10T00:00:00Z,С-В/11-08-2022/179478669,Пригодно,ДО-02-02,Датчики осадков,2022,"ФГУП ""ВНИИМ ИМ. Д.И.МЕНДЕЛЕЕВА""",True,1-179478669,2022-08-11T00:00:00Z,1774962630361874448,
67734-17,Нет модификации,0021200012,2023-08-10T00:00:00Z,С-В/11-08-2022/179478670,Пригодно,ДО-02-02,Датчики осадков,2022,"ФГУП ""ВНИИМ ИМ. Д.И.МЕНДЕЛЕЕВА""",True,1-179478670,2022-08-11T00:00:00Z,1774962630362923008,
67734-17,Нет модификации,0021220053,2023-08-04T00:00:00Z,С-В/05-08-2022/179478696,Пригодно,ДО-02-02,Датчики осадков,2022,"ФГУП ""ВНИИМ ИМ. Д.И.МЕНДЕЛЕЕВА""",True,1-179478696,2022-08-05T00:00:00Z,1774962630362923015,
67734-17,Нет модификации,0021220065,2023-08-04T00:00:00Z,С-В/05-08-2022/179478697,Пригодно,ДО-02-02,Датчики осадков,2022,"ФГУП ""ВНИИМ ИМ. Д.И.МЕНДЕЛЕЕВА""",True,1-179478697,2022-08-05T00:00:00Z,1774962630362923021,
67734-17,Нет модификации,0021220061,2023-08-04T00:00:00Z,С-В/05-08-2022/179478695,Пригодно,ДО-02-02,Датчики осадков,2022,"ФГУП ""ВНИИМ ИМ. Д.И.МЕНДЕЛЕЕВА""",True,1-179478695,2022-08-05T00:00:00Z,1774962630362923023,
67734-17,Нет модификации,0021220031,2023-08-04T00:00:00Z,С-В/05-08-2022/179478698,Пригодно,ДО-02-02,Датчики осадков,2022,"ФГУП ""ВНИИМ ИМ. Д.И.МЕНДЕЛЕЕВА""",True,1-179478698,2022-08-05T00:00:00Z,1774962630362923024,
67734-17,Нет модификации,0021220076,2023-08-04T00:00:00Z,С-В/05-08-2022/179478699,Пригодно,ДО-02-02,Датчики осадков,2022,"ФГУП ""ВНИИМ ИМ. Д.И.МЕНДЕЛЕЕВА""",True,1-179478699,2022-08-05T00:00:00Z,1774962630362923025,
67734-17,Нет модификации,0021220060,2023-08-04T00:00:00Z,С-В/05-08-2022/179478700,Пригодно,ДО-02-02,Датчики осадков,2022,"ФГУП ""ВНИИМ ИМ. Д.И.МЕНДЕЛЕЕВА""",True,1-179478700,2022-08-05T00:00:00Z,1774962630363971584,
67734-17,Нет модификации,0021220079,2023-08-04T00:00:00Z,С-В/05-08-2022/179478701,Пригодно,ДО-02-02,Датчики осадков,2022,"ФГУП ""ВНИИМ ИМ. Д.И.МЕНДЕЛЕЕВА""",True,1-179478701,2022-08-05T00:00:00Z,1774962630363971585,
67734-17,Нет модификации,0021220074,2023-08-04T00:00:00Z,С-В/05-08-2022/179478702,Пригодно,ДО-02-02,Датчики осадков,2022,"ФГУП ""ВНИИМ ИМ. Д.И.МЕНДЕЛЕЕВА""",True,1-179478702,2022-08-05T00:00:00Z,1774962630363971586,
67734-17,Нет модификации,0021220064,2023-08-04T00:00:00Z,С-В/05-08-2022/179478703,Пригодно,ДО-02-02,Датчики осадков,2022,"ФГУП ""ВНИИМ ИМ. Д.И.МЕНДЕЛЕЕВА""",True,1-179478703,2022-08-05T00:00:00Z,1774962630363971587,
67734-17,Нет модификации,0021220073,2023-08-04T00:00:00Z,С-В/05-08-2022/179478704,Пригодно,ДО-02-02,Датчики осадков,2022,"ФГУП ""ВНИИМ ИМ. Д.И.МЕНДЕЛЕЕВА""",True,1-179478704,2022-08-05T00:00:00Z,1774962630363971588,
67734-17,Нет модификации,0021220077,2023-08-04T00:00:00Z,С-В/05-08-2022/179478705,Пригодно,ДО-02-02,Датчики осадков,2022,"ФГУП ""ВНИИМ ИМ. Д.И.МЕНДЕЛЕЕВА""",True,1-179478705,2022-08-05T00:00:00Z,1774962630363971589,
67734-17,Нет модификации,0021220075,2023-08-04T00:00:00Z,С-В/05-08-2022/179478706,Пригодно,ДО-02-02,Датчики осадков,2022,"ФГУП ""ВНИИМ ИМ. Д.И.МЕНДЕЛЕЕВА""",True,1-179478706,2022-08-05T00:00:00Z,1774962630363971590,
67734-17,Нет модификации,0021190234,2023-08-04T00:00:00Z,С-В/05-08-2022/179478707,Пригодно,ДО-02-02,Датчики осадков,2022,"ФГУП ""ВНИИМ ИМ. Д.И.МЕНДЕЛЕЕВА""",True,1-179478707,2022-08-05T00:00:00Z,1774962630363971591,
67734-17,Нет модификации,0021220035,2023-07-14T00:00:00Z,С-В/15-07-2022/176685757,Пригодно,ДО-02-02,Датчики осадков,2022,"ФГУП ""ВНИИМ ИМ. Д.И.МЕНДЕЛЕЕВА""",True,1-176685757,2022-07-15T00:00:00Z,1774962600616919047,
67734-17,Нет модификации,0021210091,2023-07-14T00:00:00Z,С-В/15-07-2022/176685758,Пригодно,ДО-02-02,Датчики осадков,2022,"ФГУП ""ВНИИМ ИМ. Д.И.МЕНДЕЛЕЕВА""",True,1-176685758,2022-07-15T00:00:00Z,1774962600617967626,
67734-17,Нет модификации,0021220052,2023-07-14T00:00:00Z,С-В/15-07-2022/176685756,Пригодно,ДО-02-02,Датчики осадков,2022,"ФГУП ""ВНИИМ ИМ. Д.И.МЕНДЕЛЕЕВА""",True,1-176685756,2022-07-15T00:00:00Z,1774962600617967631,
67734-17,Нет модификации,0021220057,2023-07-14T00:00:00Z,С-В/15-07-2022/176685759,Пригодно,ДО-02-02,Датчики осадков,2022,"ФГУП ""ВНИИМ ИМ. Д.И.МЕНДЕЛЕЕВА""",True,1-176685759,2022-07-15T00:00:00Z,1774962600617967632,
67734-17,Нет модификации,0021210191,2023-07-14T00:00:00Z,С-В/15-07-2022/176685761,Пригодно,ДО-02-02,Датчики осадков,2022,"ФГУП ""ВНИИМ ИМ. Д.И.МЕНДЕЛЕЕВА""",True,1-176685761,2022-07-15T00:00:00Z,1774962600617967633,
67734-17,Нет модификации,0021220036,2023-07-14T00:00:00Z,С-В/15-07-2022/176685764,Пригодно,ДО-02-02,Датчики осадков,2022,"ФГУП ""ВНИИМ ИМ. Д.И.МЕНДЕЛЕЕВА""",True,1-176685764,2022-07-15T00:00:00Z,1774962600619016192,
67734-17,Нет модификации,0021220059,2023-07-14T00:00:00Z,С-В/15-07-2022/176685765,Пригодно,ДО-02-02,Датчики осадков,2022,"ФГУП ""ВНИИМ ИМ. Д.И.МЕНДЕЛЕЕВА""",True,1-176685765,2022-07-15T00:00:00Z,1774962600619016193,
67734-17,Нет модификации,0021210080,2023-07-14T00:00:00Z,С-В/15-07-2022/176685766,Пригодно,ДО-02-02,Датчики осадков,2022,"ФГУП ""ВНИИМ ИМ. Д.И.МЕНДЕЛЕЕВА""",True,1-176685766,2022-07-15T00:00:00Z,1774962600619016195,
67734-17,Нет модификации,0021210146,2023-07-14T00:00:00Z,С-В/15-07-2022/176685767,Пригодно,ДО-02-02,Датчики осадков,2022,"ФГУП ""ВНИИМ ИМ. Д.И.МЕНДЕЛЕЕВА""",True,1-176685767,2022-07-15T00:00:00Z,1774962600619016196,
67734-17,Нет модификации,0021220047,2023-07-14T00:00:00Z,С-В/15-07-2022/176685768,Пригодно,ДО-02-02,Датчики осадков,2022,"ФГУП ""ВНИИМ ИМ. Д.И.МЕНДЕЛЕЕВА""",True,1-176685768,2022-07-15T00:00:00Z,1774962600619016197,
67734-17,Нет модификации,0021210073,2023-07-14T00:00:00Z,С-В/15-07-2022/176685769,Пригодно,ДО-02-02,Датчики осадков,2022,"ФГУП ""ВНИИМ ИМ. Д.И.МЕНДЕЛЕЕВА""",True,1-176685769,2022-07-15T00:00:00Z,1774962600619016198,
67734-17,Нет модификации,0021220051,2023-07-14T00:00:00Z,С-В/15-07-2022/176685770,Пригодно,ДО-02-02,Датчики осадков,2022,"ФГУП ""ВНИИМ ИМ. Д.И.МЕНДЕЛЕЕВА""",True,1-176685770,2022-07-15T00:00:00Z,1774962600619016199,
67734-17,Нет модификации,0021220045,2023-07-14T00:00:00Z,С-В/15-07-2022/176685771,Пригодно,ДО-02-02,Датчики осадков,2022,"ФГУП ""ВНИИМ ИМ. Д.И.МЕНДЕЛЕЕВА""",True,1-176685771,2022-07-15T00:00:00Z,1774962600619016200,
67734-17,Нет модификации,0021220056,2023-07-14T00:00:00Z,С-В/15-07-2022/176685772,Пригодно,ДО-02-02,Датчики осадков,2022,"ФГУП ""ВНИИМ ИМ. Д.И.МЕНДЕЛЕЕВА""",True,1-176685772,2022-07-15T00:00:00Z,1774962600619016201,
67734-17,Нет модификации,0021220081,2023-07-14T00:00:00Z,С-В/15-07-2022/176685773,Пригодно,ДО-02-02,Датчики осадков,2022,"ФГУП ""ВНИИМ ИМ. Д.И.МЕНДЕЛЕЕВА""",True,1-176685773,2022-07-15T00:00:00Z,1774962600619016202,
67734-17,Нет модификации,0021210145,2023-07-14T00:00:00Z,С-В/15-07-2022/176685774,Пригодно,ДО-02-02,Датчики осадков,2022,"ФГУП ""ВНИИМ ИМ. Д.И.МЕНДЕЛЕЕВА""",True,1-176685774,2022-07-15T00:00:00Z,1774962600621113344,
67734-17,Нет модификации,0021220055,2023-07-14T00:00:00Z,С-В/15-07-2022/176685775,Пригодно,ДО-02-02,Датчики осадков,2022,"ФГУП ""ВНИИМ ИМ. Д.И.МЕНДЕЛЕЕВА""",True,1-176685775,2022-07-15T00:00:00Z,1774962600621113345,
67734-17,Нет модификации,0021220058,2023-07-14T00:00:00Z,С-В/15-07-2022/176685776,Пригодно,ДО-02-02,Датчики осадков,2022,"ФГУП ""ВНИИМ ИМ. Д.И.МЕНДЕЛЕЕВА""",True,1-176685776,2022-07-15T00:00:00Z,1774962600621113346,
67734-17,Нет модификации,0021190350,2023-07-03T00:00:00Z,С-В/04-07-2022/171606312,Пригодно,ДО-02-02,Датчики осадков,2022,"ФГУП ""ВНИИМ ИМ. Д.И.МЕНДЕЛЕЕВА""",True,1-171606312,2022-07-04T00:00:00Z,1774962530806923280,
67734-17,Нет модификации,0021210081,,И-В/04-07-2022/171606313,Непригодно,ДО-02-02,Датчики осадков,2022,"ФГУП ""ВНИИМ ИМ. Д.И.МЕНДЕЛЕЕВА""",False,1-171606313,2022-07-04T00:00:00Z,1774962530807971840,
67734-17,Нет модификации,0021190330,2023-07-03T00:00:00Z,С-В/04-07-2022/171606314,Пригодно,ДО-02-02,Датчики осадков,2022,"ФГУП ""ВНИИМ ИМ. Д.И.МЕНДЕЛЕЕВА""",True,1-171606314,2022-07-04T00:00:00Z,1774962530807971841,
67734-17,Нет модификации,0021190305,2023-06-21T00:00:00Z,С-В/22-06-2022/167554948,Пригодно,ДО-02-02,Датчики осадков,2022,"ФГУП ""ВНИИМ ИМ. Д.И.МЕНДЕЛЕЕВА""",True,1-167554948,2022-06-22T00:00:00Z,1774962393143574544,
67734-17,Нет модификации,0021210109,2023-06-21T00:00:00Z,С-В/22-06-2022/167554949,Пригодно,ДО-02-02,Датчики осадков,2022,"ФГУП ""ВНИИМ ИМ. Д.И.МЕНДЕЛЕЕВА""",True,1-167554949,2022-06-22T00:00:00Z,1774962393143574545,
67734-17,Нет модификации,0021190303,2023-06-21T00:00:00Z,С-В/22-06-2022/167554950,Пригодно,ДО-02-02,Датчики осадков,2022,"ФГУП ""ВНИИМ ИМ. Д.И.МЕНДЕЛЕЕВА""",True,1-167554950,2022-06-22T00:00:00Z,1774962393144623104,
67734-17,Нет модификации,0021210138,2023-06-21T00:00:00Z,С-В/22-06-2022/167554951,Пригодно,ДО-02-02,Датчики осадков,2022,"ФГУП ""ВНИИМ ИМ. Д.И.МЕНДЕЛЕЕВА""",True,1-167554951,2022-06-22T00:00:00Z,1774962393144623105,
67734-17,Нет модификации,0021190219,2023-06-21T00:00:00Z,С-В/22-06-2022/167554952,Пригодно,ДО-02-02,Датчики осадков,2022,"ФГУП ""ВНИИМ ИМ. Д.И.МЕНДЕЛЕЕВА""",True,1-167554952,2022-06-22T00:00:00Z,1774962393144623106,
67734-17,Нет модификации,0021190298,2023-06-21T00:00:00Z,С-В/22-06-2022/167554953,Пригодно,ДО-02-02,Датчики осадков,2022,"ФГУП ""ВНИИМ ИМ. Д.И.МЕНДЕЛЕЕВА""",True,1-167554953,2022-06-22T00:00:00Z,1774962393144623107,
67734-17,Нет модификации,0021190272,2023-06-21T00:00:00Z,С-В/22-06-2022/167554954,Пригодно,ДО-02-02,Датчики осадков,2022,"ФГУП ""ВНИИМ ИМ. Д.И.МЕНДЕЛЕЕВА""",True,1-167554954,2022-06-22T00:00:00Z,1774962393144623108,
67734-17,Нет модификации,0021190261,2023-06-21T00:00:00Z,С-В/22-06-2022/167554955,Пригодно,ДО-02-02,Датчики осадков,2022,"ФГУП ""ВНИИМ ИМ. Д.И.МЕНДЕЛЕЕВА""",True,1-167554955,2022-06-22T00:00:00Z,1774962393144623109,
67734-17,Нет модификации,0021190256,2023-06-21T00:00:00Z,С-В/22-06-2022/167554956,Пригодно,ДО-02-02,Датчики осадков,2022,"ФГУП ""ВНИИМ ИМ. Д.И.МЕНДЕЛЕЕВА""",True,1-167554956,2022-06-22T00:00:00Z,1774962393144623110,
67734-17,Нет модификации,0021190258,2023-06-21T00:00:00Z,С-В/22-06-2022/167554957,Пригодно,ДО-02-02,Датчики осадков,2022,"ФГУП ""ВНИИМ ИМ. Д.И.МЕНДЕЛЕЕВА""",True,1-167554957,2022-06-22T00:00:00Z,1774962393144623111,
67734-17,Нет модификации,0021200242,2023-06-15T00:00:00Z,С-В/16-06-2022/164800516,Пригодно,ДО-02-02,Датчики осадков,2022,"ФГУП ""ВНИИМ ИМ. Д.И.МЕНДЕЛЕЕВА""",True,1-164800516,2022-06-16T00:00:00Z,1774962303727304716,
67734-17,Нет модификации,0021200230,,И-В/16-06-2022/164800517,Непригодно,ДО-02-02,Датчики осадков,2022,"ФГУП ""ВНИИМ ИМ. Д.И.МЕНДЕЛЕЕВА""",False,1-164800517,2022-06-16T00:00:00Z,1774962303727304717,
67734-17,Нет модификации,0021200014,,И-В/16-06-2022/164800518,Непригодно,ДО-02-02,Датчики осадков,2022,"ФГУП ""ВНИИМ ИМ. Д.И.МЕНДЕЛЕЕВА""",False,1-164800518,2022-06-16T00:00:00Z,1774962303727304718,
67734-17,Нет модификации,0021210029,2023-06-15T00:00:00Z,С-В/16-06-2022/164800519,Пригодно,ДО-02-02,Датчики осадков,2022,"ФГУП ""ВНИИМ ИМ. Д.И.МЕНДЕЛЕЕВА""",True,1-164800519,2022-06-16T00:00:00Z,1774962303727304719,
67734-17,Нет модификации,0021210043,2023-06-15T00:00:00Z,С-В/16-06-2022/164800520,Пригодно,ДО-02-02,Датчики осадков,2022,"ФГУП ""ВНИИМ ИМ. Д.И.МЕНДЕЛЕЕВА""",True,1-164800520,2022-06-16T00:00:00Z,1774962303727304720,
67734-17,Нет модификации,0021210040,2023-06-15T00:00:00Z,С-В/16-06-2022/164800521,Пригодно,ДО-02-02,Датчики осадков,2022,"ФГУП ""ВНИИМ ИМ. Д.И.МЕНДЕЛЕЕВА""",True,1-164800521,2022-06-16T00:00:00Z,1774962303727304721,
67734-17,Нет модификации,0021210035,2023-06-15T00:00:00Z,С-В/16-06-2022/164800522,Пригодно,ДО-02-02,Датчики осадков,2022,"ФГУП ""ВНИИМ ИМ. Д.И.МЕНДЕЛЕЕВА""",True,1-164800522,2022-06-16T00:00:00Z,1774962303727304722,
67734-17,Нет модификации,0021210024,2023-06-15T00:00:00Z,С-В/16-06-2022/164800523,Пригодно,ДО-02-02,Датчики осадков,2022,"ФГУП ""ВНИИМ ИМ. Д.И.МЕНДЕЛЕЕВА""",True,1-164800523,2022-06-16T00:00:00Z,1774962303728353280,
67734-17,Нет модификации,0021210021,2023-06-15T00:00:00Z,С-В/16-06-2022/164800524,Пригодно,ДО-02-02,Датчики осадков,2022,"ФГУП ""ВНИИМ ИМ. Д.И.МЕНДЕЛЕЕВА""",True,1-164800524,2022-06-16T00:00:00Z,1774962303728353281,
67734-17,Нет модификации,0021210010,2023-06-15T00:00:00Z,С-В/16-06-2022/164800525,Пригодно,ДО-02-02,Датчики осадков,2022,"ФГУП ""ВНИИМ ИМ. Д.И.МЕНДЕЛЕЕВА""",True,1-164800525,2022-06-16T00:00:00Z,1774962303728353282,
67734-17,Нет модификации,0021210003,,И-В/16-06-2022/164800526,Непригодно,ДО-02-02,Датчики осадков,2022,"ФГУП ""ВНИИМ ИМ. Д.И.МЕНДЕЛЕЕВА""",False,1-164800526,2022-06-16T00:00:00Z,1774962303728353283,
67734-17,Нет модификации,0021210002,2023-06-15T00:00:00Z,С-В/16-06-2022/164800527,Пригодно,ДО-02-02,Датчики осадков,2022,"ФГУП ""ВНИИМ ИМ. Д.И.МЕНДЕЛЕЕВА""",True,1-164800527,2022-06-16T00:00:00Z,1774962303728353284,
67734-17,ДО-02-02,7000002,2020-10-30T12:00:00Z,2540/919-2019,Пригодно,ДО-02-02,Датчики осадков,2019,"ФГУП ""ВНИИМ ИМ. Д.И.МЕНДЕЛЕЕВА""",True,2-175787259,2019-10-30T12:00:00Z,1774958374757072907,19010713810
